"barcode","bayesspace_cluster"
"AAACAAGTATCTCCCA-1",2
"AAACAATCTACTAGCA-1",5
"AAACACCAATAACTGC-1",4
"AAACAGAGCGACTCCT-1",2
"AAACAGCTTTCAGAAG-1",3
"AAACAGGGTCTATATT-1",3
"AAACAGTGTTCCTGGG-1",1
"AAACATTTCCCGGATT-1",2
"AAACCCGAACGAAATC-1",7
"AAACCGGGTAGGTACC-1",3
"AAACCGTTCGTCCAGG-1",4
"AAACCTAAGCAGCCGG-1",2
"AAACCTCATGAAGTTG-1",6
"AAACGAAGAACATACC-1",7
"AAACGAGACGGTTGAT-1",3
"AAACGGGCGTACGGGT-1",2
"AAACGGTTGCGAACTG-1",3
"AAACTCGGTTCGCAAT-1",6
"AAACTCGTGATATAAG-1",7
"AAACTGCTGGCTCCAA-1",3
"AAACTTAATTGCACGC-1",4
"AAACTTGCAAACGTAT-1",3
"AAAGACATGAAGTTTA-1",7
"AAAGACCCAAGTCGCG-1",7
"AAAGACTGGGCGCTTT-1",2
"AAAGGCCCTATAATAC-1",4
"AAAGGCTACGGACCAT-1",3
"AAAGGCTCTCGCGCCG-1",3
"AAAGGGATGTAGCAAG-1",6
"AAAGGGCAGCTTGAAT-1",2
"AAAGGTAAGCTGTACC-1",5
"AAAGTAGCATTGCTCA-1",4
"AAAGTCACTGATGTAA-1",2
"AAAGTCGACCCTCAGT-1",6
"AAAGTGTGATTTATCT-1",2
"AAAGTTGACTCCCGTA-1",2
"AAATAACCATACGGGA-1",2
"AAATAAGGTAGTGCCC-1",7
"AAATACCTATAAGCAT-1",3
"AAATAGCTTAGACTTT-1",2
"AAATAGGGTGCTATTG-1",6
"AAATCCGATACACGCC-1",2
"AAATCGTGTACCACAA-1",1
"AAATCTAGCCCTGCTA-1",2
"AAATGATTCGATCAGC-1",7
"AAATGCTCGTTACGTT-1",2
"AAATGGCATGTCTTGT-1",2
"AAATGGCCCGTGCCCT-1",1
"AAATGGTCAATGTGCC-1",3
"AAATGTGGGTGCTCCT-1",5
"AAATTAACGGGTAGCT-1",3
"AAATTACACGACTCTG-1",2
"AAATTACCTATCGATG-1",6
"AAATTGATAGTCCTTT-1",4
"AAATTGCGGCGGTTCT-1",5
"AAATTTACCGAAATCC-1",7
"AAATTTGCGGGTGTGG-1",1
"AACAACTGGTAGTTGC-1",6
"AACAATACATTGTCGA-1",4
"AACAATTACTCTACGC-1",6
"AACACACGCTCGCCGC-1",2
"AACACGACTGTACTGA-1",2
"AACACGAGACGCGGCC-1",3
"AACACGCGGCCGCGAA-1",5
"AACAGCTGTGTGGCAA-1",4
"AACAGGAAATCGAATA-1",6
"AACAGGATGGGCCGCG-1",6
"AACAGGTAGTATGGAT-1",7
"AACATATCAACTGGTG-1",2
"AACATCGATACGTCTA-1",5
"AACATTGAAGTTGATC-1",4
"AACATTGGTCAGCCGT-1",5
"AACATTGTGACTCGAG-1",1
"AACCAAGACTTCTCTG-1",3
"AACCAGTATCACTCTT-1",7
"AACCATAGGGTTGAAC-1",4
"AACCATGGGATCGCTA-1",7
"AACCCAGAGACGGAGA-1",2
"AACCCATCCCATGATC-1",4
"AACCCGACAACCCGTG-1",1
"AACCCGAGCAGAATCG-1",7
"AACCCTACTGTCAATA-1",2
"AACCCTGGTGGAACCA-1",2
"AACCGAGCTTGGTCAT-1",6
"AACCGCTAAGGGATGC-1",2
"AACCGTTGTGTTTGCT-1",2
"AACCTAAAGCCGTCCG-1",7
"AACCTCGCTTTAGCCC-1",6
"AACCTTTAAATACGGT-1",3
"AACCTTTACGACGTCT-1",2
"AACGAAAGTCGTCCCA-1",4
"AACGATAATGCCGTAG-1",6
"AACGATAGAAGGGCCG-1",2
"AACGATATGTCAACTG-1",6
"AACGCATGATCTGGGT-1",7
"AACGCGACCTTGGGCG-1",3
"AACGCGGTCTCCAGCC-1",6
"AACGCTGTTGCTGAAA-1",2
"AACGGACGTACGTATA-1",2
"AACGGCCATCTCCGGT-1",4
"AACGTACTGTGGGTAC-1",1
"AACGTAGTCTACCCAT-1",5
"AACGTCAGACTAGTGG-1",6
"AACGTGATGAAGGACA-1",2
"AACGTGCGAAAGTCTC-1",3
"AACTACCCGTTTGTCA-1",7
"AACTAGCGTATCGCAC-1",5
"AACTAGGCTTGGGTGT-1",3
"AACTCAAGTTAATTGC-1",3
"AACTCCAGAGCGTGTT-1",2
"AACTCCTAATCCCATG-1",2
"AACTCGATAAACACGT-1",5
"AACTCGATGGCGCAGT-1",5
"AACTCTCAATAGAGCG-1",6
"AACTCTCAGTGTGCTC-1",4
"AACTGATATTAGGCCT-1",6
"AACTGGGTCCCGACGT-1",6
"AACTGGGTTCGAGCCG-1",7
"AACTGGTGTGGGCCTT-1",7
"AACTTCTGCGTCTATC-1",7
"AACTTGCCCGTATGCA-1",6
"AACTTGCGTTCTCGCG-1",5
"AACTTTAGCTGCTGAG-1",5
"AAGAAGGATCAGTTAG-1",7
"AAGACCAAATAACTCA-1",4
"AAGACCCAACTGAACA-1",3
"AAGACTAACCCGTTGT-1",5
"AAGACTCACGCCCACT-1",7
"AAGACTGCAAGCTACT-1",3
"AAGAGATGAATCGGTA-1",2
"AAGAGCTCTTTATCGG-1",3
"AAGAGGATGTACGCGA-1",3
"AAGAGGCATGGATCGC-1",6
"AAGAGGCCCTTTGGAA-1",7
"AAGATGGCACCGGACC-1",4
"AAGATTGGCGGAACGT-1",6
"AAGCACCCTGCGTATC-1",6
"AAGCATACTCTCCTGA-1",3
"AAGCCGAAGCGGTTTA-1",7
"AAGCCGCCGTGAAATC-1",4
"AAGCGCAGGGCTTTGA-1",6
"AAGCGGCGTCATGGGT-1",7
"AAGCGTCCCTCATCGA-1",1
"AAGCTAGATCGAGTAA-1",3
"AAGCTCGTGCCAAGTC-1",3
"AAGCTCTTTCATGGTG-1",6
"AAGGAGAACTTATAAG-1",5
"AAGGAGCGGTTGGTGC-1",3
"AAGGATCGATCGCTTG-1",7
"AAGGATGAGGGACCTC-1",6
"AAGGCAGGCTGTCTCC-1",7
"AAGGCGCGTAAAGCTT-1",2
"AAGGCTGTGCTCATCG-1",3
"AAGGGAACGACTGGCT-1",4
"AAGGGACAGATTCTGT-1",6
"AAGGGACTATGCATTC-1",4
"AAGGTATCCTAATATA-1",6
"AAGGTGATAAACCAGC-1",2
"AAGTAAGCTTCCAAAC-1",5
"AAGTAGAAGACCGGGT-1",2
"AAGTAGTGACGCGAGG-1",6
"AAGTCAATTGTCGTCA-1",2
"AAGTGACGACCGAATT-1",3
"AAGTGAGTCGGGTTTA-1",1
"AAGTGCAAAGGTAGAC-1",2
"AAGTGCCTTGACTGTA-1",2
"AAGTGCGTTAGAATCT-1",1
"AAGTGCTTCTCTATTG-1",1
"AAGTGTTTGGAGACGG-1",6
"AAGTTCACTCCAAGCT-1",2
"AAGTTCAGTCTGCGTA-1",7
"AAGTTCGGCCAACAGG-1",4
"AAGTTTACTAATGGCA-1",7
"AAGTTTATGGGCCCAA-1",6
"AATAACAACGCTCGGC-1",3
"AATAACACTAGAACAA-1",4
"AATAAGTCCTCGAGAC-1",2
"AATACAATGTTTCAGG-1",2
"AATACCGGAGGGCTGT-1",4
"AATAGAACAGAGTGGC-1",4
"AATAGAATCTGTTTCA-1",6
"AATAGCTACCGCGTGC-1",7
"AATAGTCCGTCCCGAC-1",3
"AATATCAAGGTCGGAT-1",5
"AATATCGAATCAATGC-1",7
"AATATCGAGGGTTCTC-1",2
"AATATTGGAGTATTGA-1",3
"AATCAGACTGCAGGAC-1",5
"AATCATGTAAAGACTC-1",2
"AATCCAAGGGCCTGAG-1",2
"AATCCATGCAAGGGTG-1",5
"AATCGCCTCAGCGCCA-1",6
"AATCGCGCAGAGGACT-1",7
"AATCGGGACACTACGA-1",7
"AATCGTGAGCCGAGCA-1",2
"AATCTAGGTTTACTTG-1",1
"AATCTATGCCGGAGCC-1",7
"AATCTCTACTGTGGTT-1",6
"AATCTGCGTTGGGACG-1",6
"AATCTGGCTTTCTAGT-1",4
"AATCTGGGTAGACCCT-1",7
"AATGACAGCAATGTCT-1",1
"AATGACGTAGGATGTC-1",6
"AATGACTGTCAGCCGG-1",6
"AATGAGTTCGCATATG-1",7
"AATGATGATACGCTAT-1",2
"AATGATGCGACTCCTG-1",2
"AATGCAACCGGGTACC-1",3
"AATGCACCAAGCAATG-1",2
"AATGGTCCACCGTTCA-1",2
"AATGGTTCTCACAAGC-1",2
"AATGTATGGCACTGTA-1",4
"AATGTGCCCGAGGTGT-1",4
"AATGTGCTAATCTGAG-1",4
"AATTAAAGGTCGGCGT-1",1
"AATTAACGGATTTCCA-1",3
"AATTACGAGACCCATC-1",4
"AATTACTCGTACGCTC-1",5
"AATTAGCGCTGCAGCG-1",3
"AATTCATAAGGGATCT-1",6
"AATTCATTGTCATGCA-1",4
"AATTCCAAGCATGTAC-1",3
"AATTCGATTCGAGGAT-1",6
"AATTCTAGAGTTAGGC-1",3
"AATTGAACGCTCTGGT-1",6
"AATTGCAGCAATCGAC-1",7
"AATTGCGTGGATTACA-1",4
"AATTTGGGACATAGTA-1",2
"AATTTGGTTCCAAAGA-1",2
"ACAAACCATGCGTCCT-1",4
"ACAAACCGACAAGGCG-1",7
"ACAAAGCATGACCTAG-1",2
"ACAAATCGCACCGAAT-1",6
"ACAAATGGTAGTGTTT-1",6
"ACAAATTCAGATCTGA-1",5
"ACAACAGCATGAGCTA-1",3
"ACAACGGTCCCTGCGA-1",2
"ACAAGCAGTGCCTAGC-1",6
"ACAAGGAAATCCGCCC-1",6
"ACAAGGACAAGAGGTT-1",6
"ACAAGGATGCTTTAGG-1",2
"ACAAGGGCAGGCTCTG-1",6
"ACAATAGTCGTACGTT-1",3
"ACAATCCATTTAAACC-1",3
"ACAATCGATCTTTATA-1",7
"ACAATGAATACGGAGA-1",4
"ACAATTGTGTCTCTTT-1",2
"ACAATTTGAGCAGTGG-1",6
"ACACAAAGACGGGTGG-1",6
"ACACACCAGGACCAGT-1",6
"ACACACTTTCTACACG-1",2
"ACACATGATCAAATCT-1",4
"ACACATTGACGCAACA-1",5
"ACACCCAGCATGCAGC-1",6
"ACACCCGAGAAATCCG-1",2
"ACACCGGTCTGACCGC-1",4
"ACACCTTAAGTAGGGC-1",6
"ACACCTTACTACTTGC-1",7
"ACACGAGACTCCTTCT-1",3
"ACACGGCACTATGCAT-1",2
"ACACGGGAACTTAGGG-1",6
"ACACGTAGGCCACAAG-1",7
"ACACTCCAATGTCACT-1",7
"ACACTGATCAAGGTGT-1",1
"ACACTGGGACAGTCGT-1",5
"ACAGAACTGAGAACAA-1",4
"ACAGATTAGGTTAGTG-1",7
"ACAGCATAGAGCCAGT-1",2
"ACAGCGACATTCTCAT-1",2
"ACAGCGCACCCGCAGC-1",2
"ACAGGCTTGCCCGACT-1",2
"ACAGGTGGAGGTGAGG-1",4
"ACAGTAATACAACTTG-1",3
"ACATAAGTCGTGGTGA-1",4
"ACATAATAAGGCGGTG-1",6
"ACATCAGCTGGGACGC-1",2
"ACATCCCGGCCATACG-1",3
"ACATCCTGGTAACTGT-1",2
"ACATCGATCGTTTACC-1",3
"ACATCGGTCAGCCGCG-1",3
"ACATCGTATGCAATGG-1",6
"ACATCGTTAACCTAGT-1",2
"ACATCTCAACGCGTAA-1",7
"ACATGGCGCCAAAGTA-1",2
"ACATGGCTCAATTTAG-1",5
"ACATTAGTTTATATCC-1",3
"ACCAAACTAGAAATCC-1",7
"ACCAACACCACACACT-1",7
"ACCAACCGCACTCCAC-1",7
"ACCAACGCTTATTTAT-1",4
"ACCAAGAACGCGTGTC-1",2
"ACCAATATGCAAGTTA-1",6
"ACCACAACTCAGAACA-1",2
"ACCACAAGTTTCTATC-1",3
"ACCACCAATGTAACAA-1",2
"ACCACGTGCAGCTATA-1",2
"ACCACTGTTCAAGAAG-1",5
"ACCAGCCCGGTCTTTG-1",7
"ACCAGGAGTGTGATCT-1",5
"ACCAGTGCCCGGTCAA-1",7
"ACCAGTGCGGGAGACG-1",2
"ACCATATCCGCAATAA-1",1
"ACCATCCGCCAACTAG-1",3
"ACCATCGTATATGGTA-1",1
"ACCCAACGCCCGTGGC-1",6
"ACCCACCTACATGCTC-1",2
"ACCCATCTTGAGGGTA-1",3
"ACCCATTTGTCCCTCT-1",7
"ACCCGAGCGAAATTAC-1",4
"ACCCGGAAACTCCCAG-1",3
"ACCCGGATGACGCATC-1",2
"ACCCGGTTACACTTCC-1",1
"ACCCGTGTCATCAGTA-1",3
"ACCCTATAGGACTGAG-1",5
"ACCCTATGCCATATCG-1",4
"ACCCTCCCTTGCTATT-1",6
"ACCCTTCATCTGCGAA-1",2
"ACCCTTTAGTTCTCCA-1",7
"ACCGAAAGGGCCCTGC-1",7
"ACCGAAGAGTCTGGTT-1",4
"ACCGACACATCTCCCA-1",3
"ACCGACTGAGTCCCAC-1",3
"ACCGATGGTAGCATCG-1",6
"ACCGCAATAACTGCCT-1",6
"ACCGCGGTGGAAGTCG-1",2
"ACCGGGCCTTTGTTGA-1",2
"ACCGGTCAGGTACACC-1",4
"ACCGGTCTGAGTACGG-1",5
"ACCGTCCACTGGGCCC-1",4
"ACCGTGACCACGTGGG-1",4
"ACCGTTCCCGCTCTGA-1",7
"ACCTAAGTACCTTTCA-1",4
"ACCTAATCGACTTCCT-1",6
"ACCTACAGTATGTGGT-1",7
"ACCTACTATAAATCTA-1",1
"ACCTCCGCCCTCGCTG-1",7
"ACCTCCGTTATTCACC-1",7
"ACCTCGAACTTATGCT-1",4
"ACCTGCGTGTCATGTT-1",3
"ACCTTTCCTTTAGAAG-1",5
"ACGAAATGGGCGGCAC-1",6
"ACGACTGGTCATACTC-1",4
"ACGAGAACCCATCACG-1",5
"ACGAGATATTTGCTTA-1",2
"ACGAGGATACCACTCT-1",4
"ACGAGGTTTACAACGT-1",4
"ACGAGTACGGATGCCC-1",2
"ACGATACATAGAACTA-1",6
"ACGATCATACATAGAG-1",6
"ACGATCATCTTGTAAA-1",2
"ACGATGCATATGTTAT-1",3
"ACGATGGATCCGATGC-1",2
"ACGCAAACTAATAGAT-1",1
"ACGCAATCACTACAGC-1",7
"ACGCATACGTTTACTA-1",7
"ACGCATTCGTGAGTAC-1",3
"ACGCCAGATGATTTCT-1",6
"ACGCCCAGCTGTCGAT-1",7
"ACGCCGCTAGACGACC-1",3
"ACGCGAAGTCAGACGA-1",3
"ACGCGCTACACAGGGT-1",3
"ACGCGGGCCAAGGACA-1",3
"ACGCTAGTGATACACT-1",2
"ACGCTGTGAGGCGTAG-1",6
"ACGCTTAGTGTCTCTC-1",7
"ACGGAATTTAGCAAAT-1",7
"ACGGACTCTCAAAGCG-1",6
"ACGGAGCGCAAATTAC-1",7
"ACGGATGGTGCGGATA-1",6
"ACGGCACTTGCTTGGG-1",3
"ACGGCCAACATGGACT-1",1
"ACGGCGACGATGGGAA-1",6
"ACGGCGGGTTGCCCTG-1",5
"ACGGCTGGATGTAGAA-1",4
"ACGGGAGTGTCGGCCC-1",4
"ACGGGTCATGTGACTT-1",5
"ACGTACAGATTTCTCT-1",2
"ACGTAGATTGCTGATG-1",3
"ACGTATTACTCCGATC-1",2
"ACGTCCTAAACGAGAT-1",5
"ACGTGCGCCTCGTGCA-1",6
"ACGTGGTCGAATGTGC-1",7
"ACGTTAATGTCGAAGA-1",3
"ACGTTAGATTTGCCCG-1",3
"ACGTTCCGCGCTCCGT-1",7
"ACGTTCGCAATCAATT-1",7
"ACGTTCGTTCAGGAAA-1",1
"ACGTTCTGTACAAGTC-1",7
"ACGTTTAGTTGTGATC-1",2
"ACTAATACGTCAGGCG-1",7
"ACTACATCCCGACAAG-1",4
"ACTACCAGCTCTCTGG-1",6
"ACTACGCGTTAGAATT-1",3
"ACTAGTTGCGATCGTC-1",2
"ACTATATGCTGTGTTC-1",7
"ACTATCCAGGGCATGG-1",7
"ACTATCTGCCCGCGTA-1",7
"ACTATGTCCAGCTGCC-1",4
"ACTATTCGTCCGTGGT-1",2
"ACTATTTCCGGGCCCA-1",4
"ACTCAACGAATGTATT-1",5
"ACTCAAGTGCAAGGCT-1",2
"ACTCAATAAAGGCACG-1",6
"ACTCAGACCTGCTTCT-1",7
"ACTCATGGCAGCCTTC-1",4
"ACTCCAATATCATCAT-1",4
"ACTCCCATTCCTAAAG-1",7
"ACTCCCGAATTCGTTT-1",2
"ACTCCCTAATGCTAAA-1",6
"ACTCCCTAGAATAGTA-1",3
"ACTCGTAACCCGTCCT-1",1
"ACTCGTCAGTAATCCC-1",6
"ACTCTCTGACTTAGGT-1",6
"ACTCTCTTATACACGA-1",2
"ACTCTTGTATAGTAAC-1",3
"ACTGAAACGCCGTTAG-1",2
"ACTGAATGGCGAAAGT-1",6
"ACTGATTTAGTGATTC-1",7
"ACTGCCCGCCATTCTC-1",1
"ACTGCCGTCGTAACTC-1",6
"ACTGCTCGGAAGGATG-1",1
"ACTGTACGATACACAT-1",6
"ACTGTAGCACTTTGGA-1",6
"ACTGTATACGCGAGCA-1",7
"ACTGTCCAGGATTATA-1",3
"ACTGTCTTCTTTAGAA-1",3
"ACTGTGCTAGTAGATC-1",7
"ACTGTTTAGTGTAGGC-1",5
"ACTTACCGGGCGCGCA-1",7
"ACTTACGCATCCACGC-1",6
"ACTTAGTACGACAAGA-1",7
"ACTTATACTTACCCGG-1",6
"ACTTATCTGATCTATA-1",5
"ACTTATTAGGATCGGT-1",3
"ACTTATTTATGTGCCA-1",2
"ACTTCAGGCTGATCCC-1",6
"ACTTCCATGCGGGACA-1",2
"ACTTCGCCATACGCAC-1",6
"ACTTGACTCCCTCTTT-1",3
"ACTTGCCATATTGTAC-1",7
"ACTTGGGACCCGGTGG-1",3
"ACTTGTAGTCCCTTCA-1",3
"ACTTGTGGATGGAACG-1",7
"ACTTTACCCTCATGAA-1",2
"ACTTTCCTATAGCTTC-1",3
"ACTTTGACTGCATCCT-1",6
"ACTTTGGTCGTGCTCC-1",4
"AGAAATTATGACTCGC-1",7
"AGAACCCTCAATTGGG-1",4
"AGAACGTGGTACATTC-1",6
"AGAAGGTACACTTCAC-1",1
"AGAAGGTTGCCGAATT-1",1
"AGAAGGTTGTAGGTCG-1",6
"AGAAGTGATTCGTGAT-1",1
"AGAATAAATCTTCAGG-1",6
"AGAATGCGGGTTCGGA-1",7
"AGAATTATGGATTCGA-1",2
"AGAATTGTTTGACATA-1",7
"AGACATAGATCCTTCC-1",7
"AGACCAAACCACACCT-1",1
"AGACCATGGGATACAA-1",2
"AGACCCACCGCTGATC-1",3
"AGACCCGCCCTCCTCG-1",3
"AGACCGCTCCGCGGTT-1",7
"AGACCGGGAAACCCTG-1",3
"AGACGAAGTGCCGGTC-1",2
"AGACGACGATGCCGCT-1",4
"AGACGGGATTGGTATA-1",7
"AGACGGGCCGATTTAA-1",7
"AGACTAGCCTTCCAGA-1",3
"AGACTGTTACCGGGTC-1",1
"AGAGAAACACCAGAAA-1",4
"AGAGAACCGTCTAGGA-1",6
"AGAGAAGGAGTACAAT-1",4
"AGAGATCTCTAAAGCG-1",3
"AGAGCAGTTATGAGAC-1",2
"AGAGCCGCCGAGATTT-1",7
"AGAGCGGGCTAATCAT-1",6
"AGAGCGTACAAGCTCG-1",2
"AGAGGCTTCGGAAACC-1",2
"AGAGGTATCTCGGTCC-1",5
"AGAGTAAACTTCACTA-1",7
"AGAGTTAGAGACCGAT-1",7
"AGATAACTTCAGGGCC-1",3
"AGATACCGGTGTTCAC-1",3
"AGATACGACTTCATAT-1",7
"AGATACTCAAGATCGA-1",6
"AGATATAATACGACTA-1",6
"AGATCGTGCATAAGAT-1",2
"AGATCTCAGGTGTGAT-1",3
"AGATGACTCGCCCACG-1",6
"AGATGAGGGTTGCGAT-1",2
"AGATGATGGAGTCTGG-1",2
"AGATGCAAGACGTGCA-1",4
"AGATGCTATAACGAGC-1",5
"AGATTATAGGACGTTT-1",3
"AGATTCACAACCGATA-1",1
"AGCAAAGGCCGCTAGT-1",6
"AGCAACATATCTTATT-1",2
"AGCAACCGAAAGTAAT-1",4
"AGCACACGTTTAGACT-1",4
"AGCACCAGTACTCACG-1",3
"AGCACTACCGGCCTGT-1",6
"AGCACTACCTCACCAG-1",6
"AGCACTTAAGGACGCC-1",6
"AGCAGAAGGAGAAAGA-1",6
"AGCAGCCAGATGAATA-1",3
"AGCATATCAATATGCT-1",2
"AGCATCATTTCGAAAG-1",4
"AGCATCGTCGATAATT-1",6
"AGCCAAGCTTTGTGTC-1",3
"AGCCACAGGTTACCCG-1",2
"AGCCACTCCCGTGCTT-1",6
"AGCCCATACATGTAAG-1",3
"AGCCCGGCATTAGAGG-1",4
"AGCCCGGTAGCCTGTA-1",1
"AGCCCTAAGCGAAGTT-1",2
"AGCCCTCCCTGGTGGC-1",4
"AGCCCTTCTAATCCGA-1",7
"AGCCGTGGCTAAATGT-1",4
"AGCCTAATACCCACGT-1",4
"AGCCTTAAAGCGGAAG-1",7
"AGCGACAGGAACGGTC-1",4
"AGCGACATCCCATTCA-1",6
"AGCGACCAACGATATT-1",3
"AGCGAGACGTGAAGGC-1",4
"AGCGATGCGCCTAATA-1",7
"AGCGCATAATGAATCG-1",1
"AGCGCGGGTGCCAATG-1",2
"AGCGCTTATGGGCAAG-1",7
"AGCGGACACTTCGTAG-1",3
"AGCGGCGGTTAGCGGT-1",1
"AGCGGGAAGGGTCCAT-1",7
"AGCGGGTCTGACACTC-1",6
"AGCGGTTGAGATGTAC-1",7
"AGCGTAGCGCTAGACC-1",5
"AGCGTCTGAACCCGCA-1",5
"AGCGTGGTATTCTACT-1",3
"AGCGTTCCGATTTAAA-1",7
"AGCTAACAAGCAATGT-1",4
"AGCTAAGTACGCAGGC-1",2
"AGCTAGAAGCAGAAGT-1",2
"AGCTATTTAATCCAAC-1",6
"AGCTCCATATATGTTC-1",7
"AGCTCCTTCGCACATC-1",6
"AGCTCTAGACGTTCCA-1",3
"AGCTCTTCCCAGTGCA-1",2
"AGCTCTTCGTAACCTT-1",2
"AGCTCTTTACTCAGTT-1",1
"AGCTGAAGTAAACCAA-1",6
"AGCTGTAACCTCAATC-1",4
"AGCTTATAGAGACCTG-1",5
"AGCTTCAATACTTTGA-1",7
"AGCTTGATCTTAACTT-1",3
"AGGAAAGCCTCTGATG-1",5
"AGGAAGCTGTCCGCCG-1",3
"AGGACAGTCGAATCCC-1",6
"AGGACATCGCACGTCG-1",2
"AGGACGACCCATTAGA-1",1
"AGGACGCTCGATGTTG-1",2
"AGGAGGCCTTCGCGCG-1",2
"AGGATAAAGTCGGGAT-1",3
"AGGATATAGGGATTTA-1",2
"AGGATCACGCGATCTG-1",1
"AGGCAAAGAGGAATCA-1",5
"AGGCACGTGACTGTCC-1",5
"AGGCAGATGCGTAAAC-1",6
"AGGCAGGGAGCGTACT-1",1
"AGGCATTGTCGTAGGG-1",2
"AGGCCACCCGTTATGA-1",6
"AGGCCCATTGTACAGG-1",2
"AGGCCCTAGAACGCCA-1",1
"AGGCCTGAGAATCTCG-1",2
"AGGCGGTTTGTCCCGC-1",4
"AGGCGTCTATGGACGG-1",5
"AGGCTATGGTTAGCTT-1",6
"AGGCTTCCCGAAGAAG-1",4
"AGGCTTGCTAGACACC-1",2
"AGGGAAACGAGGTACT-1",2
"AGGGACCGGCTGCGTT-1",7
"AGGGACTCTACGCGAC-1",1
"AGGGAGACATACTTCG-1",7
"AGGGCAGCGGCGTGGT-1",2
"AGGGCGAGCAGCTGAT-1",3
"AGGGCGTGATCGGCTA-1",2
"AGGGCTGCAGTTACAG-1",3
"AGGGTCAGAGCACTCG-1",4
"AGGGTCGATGCGAACT-1",2
"AGGGTGCCGTTCTTTA-1",4
"AGGGTGCTCTCGAGGG-1",6
"AGGGTGGATAGTGCAT-1",2
"AGGGTTCCCTTTGGTT-1",6
"AGGGTTTAGTTCGGGA-1",3
"AGGTAACCTCCTATTC-1",7
"AGGTACGATATTGCCA-1",2
"AGGTAGATCGAGATAT-1",4
"AGGTAGGTACAAAGCT-1",3
"AGGTATAATTGATAGT-1",7
"AGGTCAGGTGAGAGTG-1",3
"AGGTCGCCACTTCGGT-1",5
"AGGTCGCGGAGTTACT-1",2
"AGGTGGTGACCTTCGC-1",3
"AGGTGTATCGCCATGA-1",6
"AGGTTACACCATGCCG-1",7
"AGGTTCTCCTTTCCGG-1",4
"AGGTTGAGGCACGCTT-1",6
"AGGTTTCACACACCTT-1",3
"AGTAACGTTCATCCTG-1",7
"AGTAATGTCTTGCCGC-1",6
"AGTAATTTGCAAGCGT-1",4
"AGTACATCATTTATCA-1",7
"AGTACCTTCGAGTGCT-1",5
"AGTACGGCCCGTATCG-1",6
"AGTACGGGCACCTGGC-1",6
"AGTACGTGGCCTGTCT-1",2
"AGTACTCTTATGCCCA-1",2
"AGTAGAAGGCGCCTCA-1",1
"AGTAGCGTGAACGAAC-1",7
"AGTAGCTAGACGCCGA-1",5
"AGTAGGAAGGAAGTTG-1",2
"AGTAGGTAACATACAT-1",2
"AGTATAATACTAGGCA-1",6
"AGTATACACAGCGACA-1",1
"AGTATCCATAATAACG-1",5
"AGTATGCTGGAGACCA-1",4
"AGTATTTGGCACGACC-1",1
"AGTCAAATGATGTGAT-1",4
"AGTCAACACCACCATC-1",1
"AGTCAAGATGACACTT-1",2
"AGTCACTAGCTCTCGA-1",2
"AGTCACTCCGCCTCAT-1",5
"AGTCAGCCACCGCCTG-1",7
"AGTCCAGCGGGTACGT-1",5
"AGTCCATTGGCTGATG-1",2
"AGTCCCGCCTTTAATT-1",2
"AGTCGACGGTCTCAAG-1",6
"AGTCGGCCCAAACGAC-1",6
"AGTCGGCTCAACTTTA-1",1
"AGTCGGTTGCGTGAGA-1",7
"AGTCGTATAAAGCAGA-1",2
"AGTCGTCGACCACCAA-1",2
"AGTCGTGGGCATTACG-1",4
"AGTCTAAAGTATACTC-1",7
"AGTCTCACAAGACTAC-1",4
"AGTCTGGACATCCTTG-1",7
"AGTCTTCTCCTCAAAT-1",6
"AGTCTTTAAAGTGTCC-1",6
"AGTGAACAAACTTCTC-1",2
"AGTGACCTACTTTACG-1",1
"AGTGACTGTGACACAA-1",1
"AGTGAGACTTCCAGTA-1",6
"AGTGAGCCTCGCCGCC-1",2
"AGTGAGGGTTTCTGAC-1",2
"AGTGATAACCTGCGCG-1",2
"AGTGATATGAGTAGTT-1",1
"AGTGATTCAAGCAGGA-1",6
"AGTGCACGCTTAAGAA-1",2
"AGTGCGTAGCTCGTAA-1",1
"AGTGCTAAACACAGCA-1",2
"AGTGCTTGCACGAATA-1",6
"AGTGGCGGCAATTTGA-1",2
"AGTGGCGTCTGAAGGT-1",2
"AGTGGCTCCGTCGGCC-1",6
"AGTGGTGTTACCCGTG-1",3
"AGTGTATTGCGCATTG-1",2
"AGTGTGCTAAGATCGC-1",5
"AGTGTGGTCTATTGTG-1",2
"AGTTAAACACTTGCGA-1",1
"AGTTAAGCGGTCCCGG-1",2
"AGTTAAGTCAACCGCT-1",4
"AGTTACCGCACATGGT-1",2
"AGTTACTCTATCGTGG-1",2
"AGTTATTGAAAGGTAA-1",7
"AGTTCCTACAGAATTA-1",3
"AGTTCCTATTTATGTT-1",3
"AGTTCTGCGTTGTATC-1",5
"AGTTGACATCGGCTGG-1",5
"AGTTGACGGTCCTTGC-1",3
"AGTTGCTGACTGATAT-1",7
"AGTTTCGCAGGTCGGA-1",2
"AGTTTGCACCTGCCTC-1",6
"AGTTTGGCACGGGTTG-1",2
"AGTTTGGCCAGACCTA-1",1
"ATAAACCATTGGACGG-1",5
"ATAAACGGACCCGTAA-1",3
"ATAAACGTTGCACCAC-1",7
"ATAAAGGCTCGGTCGT-1",3
"ATAAAGGTCAAGTACG-1",7
"ATAAATATTAGCAGCT-1",3
"ATAACGCCGGAGGGTC-1",6
"ATAACGGAGTCCAACG-1",6
"ATAAGGTGGAGAACAT-1",3
"ATAAGTAGGATTCAGA-1",2
"ATAAGTAGGGCGACTC-1",7
"ATAAGTTACCGCGACG-1",1
"ATAATACCGTTAGCCG-1",7
"ATAATAGCTGTTGAAT-1",3
"ATAATAGTGTAGGGAC-1",2
"ATAATCTTGGAGAACC-1",6
"ATAATTAGCTAAGTAG-1",3
"ATACAGGCCCTCCAAT-1",6
"ATACCACGGGCAACTT-1",3
"ATACCAGCAAATTGCT-1",7
"ATACCAGGCTAATAGA-1",7
"ATACCAGGTGAGCGAT-1",5
"ATACCTAACCAAGAAA-1",3
"ATACGCCGATCTACCG-1",5
"ATACGCCGGCGAAACC-1",6
"ATACGGAACGTCGTTT-1",1
"ATACGGGTTTCGATTG-1",6
"ATACGGTGAAGATGCA-1",2
"ATACGTACTTAGCCAC-1",2
"ATACGTCCACTCCTGT-1",2
"ATACGTTATGCACGGA-1",3
"ATACTACCCGTACCAC-1",7
"ATACTAGCATGACCCT-1",6
"ATACTCTCGCCACTCT-1",5
"ATACTGCCTTACACCG-1",6
"ATACTTGTTCTCGAGC-1",2
"ATAGACAACGGGACCT-1",6
"ATAGACGAAGAGAAAG-1",3
"ATAGAGTACTGGGACA-1",6
"ATAGAGTTATCAACTT-1",6
"ATAGATTTGCAGTCGG-1",7
"ATAGCAACTAGGGAAG-1",2
"ATAGCCTCAGTACCCA-1",7
"ATAGCTGCTCTTGTTA-1",5
"ATAGGAATCTAAGCTT-1",5
"ATAGGCGGCTATAGAA-1",1
"ATAGGCTAGCTTCGCA-1",2
"ATAGGGATATCCTTGA-1",6
"ATAGGTTGGGCAGATG-1",3
"ATAGTCTTTGACGTGC-1",7
"ATAGTGAAGCGTTCTC-1",1
"ATAGTTCCACCCACTC-1",2
"ATATAAAGCGCTCGTG-1",3
"ATATAAATGTAGCTGC-1",6
"ATATAACACGGGCGCA-1",2
"ATATACGCTCGTGACG-1",7
"ATATAGAGTATTGGTC-1",4
"ATATCAACCTACAGAG-1",2
"ATATCAATTCCAGCCT-1",1
"ATATCGGTAGGGAGAT-1",7
"ATATCGTGCCAGACCC-1",7
"ATATCGTTCCTCGAAC-1",2
"ATATCTCCCTCGTTAA-1",2
"ATATCTTAGGGCCTTC-1",3
"ATATGTCTCCCTAGCC-1",2
"ATATTCAGTTAAACCT-1",1
"ATATTCCACATAGTGA-1",6
"ATATTCCCACAGGTCA-1",2
"ATATTGCTGTCAAAGT-1",2
"ATATTTAACCCTCAAG-1",3
"ATCAAACACTGTTCCA-1",7
"ATCAAACGAAGGTTTG-1",4
"ATCAATCTGGGCTGCA-1",3
"ATCAATGCCGTGGCTG-1",4
"ATCACATTAGAATATC-1",6
"ATCACGTGCTAATTAA-1",1
"ATCACTTCATCCTCGC-1",6
"ATCAGACGGCACGCCG-1",4
"ATCAGCCTCATGCTGC-1",2
"ATCAGCTCGTCCACTA-1",1
"ATCAGGTCGCCATTGC-1",7
"ATCAGTAGGCAGGGAT-1",6
"ATCATAGCCCTATGTA-1",7
"ATCATCCAATATTTGT-1",3
"ATCATCTGCCCAGTGT-1",7
"ATCCAACGCAGTCATA-1",6
"ATCCAATGGAGGGTCC-1",3
"ATCCACATCGACAGAA-1",6
"ATCCACGCTAAATGTT-1",7
"ATCCAGAGCAACAACC-1",1
"ATCCAGGATTCGTGAA-1",1
"ATCCCATCCACAGCGC-1",4
"ATCCTACCTAAGCTCT-1",1
"ATCCTGAATCGCTGCG-1",3
"ATCCTGCGTGGAATGG-1",1
"ATCCTGCTGCAGATAG-1",5
"ATCGACCCAATACAGA-1",3
"ATCGACTCTTTCCGTT-1",6
"ATCGCACGATTGTTCA-1",5
"ATCGCACGCCGGGAGA-1",3
"ATCGCCAGTCAACATT-1",7
"ATCGCTGCGTGCAGCA-1",7
"ATCGGAGACAGACGGC-1",2
"ATCGGCAAGCAGTCCA-1",2
"ATCGTGGAAAGTCTGG-1",4
"ATCGTTAGCTAGCGGA-1",2
"ATCGTTCACTTTCGCC-1",7
"ATCTAATATCCTACGG-1",3
"ATCTAGCTTGTGAGGG-1",3
"ATCTCCCACGGAATAT-1",7
"ATCTCCCTGCAATCTA-1",6
"ATCTCGTGAGCGAAAC-1",7
"ATCTGACATGGAAGGA-1",1
"ATCTGATAGTGTCTTA-1",5
"ATCTGCACCTCTGCGA-1",2
"ATCTGCTGTTATCGCC-1",3
"ATCTGGGCTGTTCTTG-1",3
"ATCTGGTTAAGACTGT-1",6
"ATCTGTAATTGTACCC-1",2
"ATCTTAGGGCATTAAT-1",4
"ATCTTATCGCACACCC-1",7
"ATCTTGACCTGCAACG-1",6
"ATCTTGACTTGTCCAA-1",7
"ATGAAGCCAAGGAGCC-1",6
"ATGACGCCGGCTCTAA-1",6
"ATGACGCGTTCTATCC-1",4
"ATGACTATCAGCTGTG-1",1
"ATGACTATGCGACATT-1",6
"ATGAGGAGTGTTAATC-1",6
"ATGATCGGGAATAGAC-1",2
"ATGATGCAATGGTACA-1",1
"ATGCACGCGCTGTTCA-1",4
"ATGCACTACCGCATTG-1",6
"ATGCATGATCCAGGAT-1",6
"ATGCATTCCGTGATGG-1",5
"ATGCCAATCGCTCTGC-1",7
"ATGCCATTTGCGACCA-1",2
"ATGCCGGTCTTGCATA-1",6
"ATGCCGGTTGATGGGA-1",6
"ATGCGACAATTGGTCC-1",7
"ATGCGACAGTCCCATT-1",3
"ATGCGAGTCCCACCAC-1",2
"ATGCTCAGTGTTGCAT-1",2
"ATGCTCTGGCGCGGTA-1",6
"ATGCTTAGGAGTTGAT-1",7
"ATGGAAATTTAAGGAG-1",1
"ATGGAGCAGGCCGTGA-1",3
"ATGGATCCGGCGTCCG-1",6
"ATGGATTGACCAAACG-1",3
"ATGGCAGCATTACGAT-1",4
"ATGGCTGGAAATGGCC-1",7
"ATGGGAACGGAAGCGG-1",7
"ATGGGACCTGCTGAAC-1",4
"ATGGGCCTCGGCCTCT-1",2
"ATGGGTGTATACCTCC-1",4
"ATGGTATTTACTGATT-1",4
"ATGGTCGCGTGGTTTC-1",6
"ATGGTGCTCAAAGCCA-1",5
"ATGTAAGGCTGCTCTT-1",7
"ATGTACATGCGGTGAG-1",5
"ATGTACGATGACGTCG-1",3
"ATGTAGCGCGCGTAGG-1",6
"ATGTGAAAGCCTAATG-1",1
"ATGTGCATCCGACGCA-1",6
"ATGTGGACATCTTGAT-1",3
"ATGTGTAGTTTAGTCA-1",7
"ATGTTACGAGCAATAC-1",7
"ATGTTCGTCGACCCAC-1",6
"ATGTTGTAGTCTGTTT-1",1
"ATTAAACATGCGGACC-1",3
"ATTAATACTACGCGGG-1",6
"ATTAATGAACCAGTCG-1",6
"ATTAATTCGGTCACTC-1",2
"ATTACAACTACCGGCC-1",2
"ATTACATGTCAGTCTT-1",7
"ATTACCACACTGCCTG-1",7
"ATTACGCGCTGGCAGG-1",3
"ATTACTAGCCTCTTGC-1",2
"ATTACTTACTGGGCAT-1",2
"ATTAGATTCCTCAGCA-1",2
"ATTAGATTGATAGCGG-1",2
"ATTAGGCGATGCTTTC-1",3
"ATTATACTTTGCTCGT-1",6
"ATTATAGCTACTTTAC-1",7
"ATTATCTCGACAGATC-1",7
"ATTATGAGACCCAATT-1",4
"ATTATGCCATAGGGAG-1",6
"ATTATTATGTCCGTCA-1",4
"ATTCAAAGTACCTGTT-1",5
"ATTCAACCATTTAAGG-1",7
"ATTCACTGATGTTGGA-1",2
"ATTCAGGACCTATTTC-1",2
"ATTCAGGATCGCCTCT-1",7
"ATTCAGTAGCAGGGTC-1",2
"ATTCATATACTGTCCA-1",3
"ATTCATCGTTGAGGCA-1",2
"ATTCCCACATAAACAA-1",2
"ATTCCTAAGACGTGGA-1",7
"ATTCCTCCGCCAGTGC-1",2
"ATTCCTTCCAGGCGGT-1",5
"ATTCGACGCCGGGCCT-1",3
"ATTCGTGCTATCTCTT-1",7
"ATTCTCGTCTCTTTAG-1",7
"ATTCTGAGTATGAACT-1",2
"ATTCTTCGTACTTATG-1",2
"ATTGAAGATCTTAGTG-1",3
"ATTGACGTAACTCGGT-1",2
"ATTGATAGCAACGAGA-1",5
"ATTGATCACCACATTT-1",1
"ATTGATGAGTCCTAAC-1",2
"ATTGCCTATTAGACCG-1",4
"ATTGCCTTTATGTTTG-1",2
"ATTGCGATCAGTAACT-1",2
"ATTGCTGCTCCTCCAT-1",3
"ATTGGATTACAGCGTA-1",7
"ATTGGGAATATCTTGG-1",2
"ATTGTACAACTCGGCT-1",2
"ATTGTCGCAATACCTT-1",2
"ATTGTGACTTCGCTGC-1",5
"ATTTAACTCGTATTAC-1",2
"ATTTACAGTTTACTGG-1",6
"ATTTACTAAGTCCATT-1",7
"ATTTCATTATTTCGCG-1",2
"ATTTCCGGGTTCTGCG-1",4
"ATTTGCCTAGTTACGA-1",5
"ATTTGCGCGAGTAGCT-1",1
"ATTTGTCTTGGGAGCT-1",6
"ATTTGTTCCAGGGCTC-1",6
"CAAACGAGTATCGCAG-1",1
"CAAACGGTCGCACTTT-1",3
"CAAACGTGGTCTTGCG-1",7
"CAAACTACGATAGAGA-1",2
"CAAACTATTGAGCTTC-1",2
"CAAACTCGCGACGCCG-1",7
"CAAAGATTATTGGGCC-1",4
"CAAATCTCTCACAAGG-1",1
"CAAATGCGGAGTGTTC-1",5
"CAAATGTCCTTCCGTG-1",1
"CAAATTGTCAGCAAGC-1",2
"CAACAGAATAACGCTA-1",7
"CAACAGTGCCAAACGG-1",5
"CAACATGGCCTGATAA-1",5
"CAACCTACCGAGCAGT-1",7
"CAACGACCCGTTTACA-1",6
"CAACGGTTCTTGATAC-1",2
"CAACGTGGTGGAGTCT-1",7
"CAACTATATCGAATGC-1",2
"CAACTCCAACGTTTAG-1",7
"CAACTCCGTAACTTGC-1",1
"CAACTCCTTGATCCCG-1",2
"CAACTGCTCATCCGAT-1",3
"CAACTTGTAGTGGGCA-1",7
"CAAGAGGGCGGAGTAC-1",6
"CAAGATATTATAACGT-1",2
"CAAGCAACGTCGGAGT-1",3
"CAAGCACCAAATGCCT-1",6
"CAAGCGGCACATAATT-1",6
"CAAGGATCGCATGTTC-1",3
"CAAGGTCCTATAGGCT-1",7
"CAAGTGAACTTTGGTT-1",7
"CAAGTGTGGTTGCAAA-1",2
"CAATAAACCTTGGCCC-1",6
"CAATACGCTCTGAGGC-1",6
"CAATATGTAGATTTAC-1",5
"CAATATTCTTGACCTA-1",4
"CAATCCATTATCCGTT-1",5
"CAATCCCTATACCAGC-1",2
"CAATCCTGCCGTGGAG-1",7
"CAATGCGAGAAGTATC-1",6
"CAATGGAATCTACATA-1",2
"CAATGGATCTCTACCA-1",6
"CAATGGTCGGCCTGGG-1",7
"CAATGTGCCAACCCTT-1",7
"CAATTAAGGGTGATGA-1",3
"CAATTTCGTATAAGGG-1",3
"CAATTTGACCGGGAAG-1",5
"CACAAGAAAGATATTA-1",5
"CACAAGCTAAGAAAGG-1",4
"CACAATGAGCTGCTAT-1",1
"CACACACGCTAACGAG-1",7
"CACACAGCTTGCGCTC-1",7
"CACACAGGGATAGATT-1",2
"CACACGCGCTGTCTTA-1",6
"CACACGTTTCAATGGG-1",7
"CACACTTGTATTGCGA-1",5
"CACAGAGACGAGGACG-1",4
"CACAGCACCCACGGCA-1",3
"CACAGCTAGGGAGTGA-1",6
"CACAGGGCCATATAGT-1",2
"CACAGGGCCGTTGTCA-1",3
"CACAGTCCCGCTTCGC-1",7
"CACAGTTCGCTTCCCA-1",7
"CACATAAGGCGACCGT-1",5
"CACATATTAGCAGGAT-1",3
"CACATCGTGCACGCGC-1",4
"CACATCTCACCGACGA-1",6
"CACATGATTCAGCAAC-1",3
"CACATGTTTGGACATG-1",5
"CACATTCTTTCGATGG-1",2
"CACATTTCTTGTCAGA-1",7
"CACCAGTCAGCATGCA-1",4
"CACCATCGGAGGAGAC-1",2
"CACCCAAATCTTATGT-1",2
"CACCCACACGTCACCC-1",2
"CACCCACGAGGCAATT-1",2
"CACCCGGTTTGTGACT-1",4
"CACCCTAACAAGATCT-1",6
"CACCCTTGGTGAGACC-1",4
"CACCCTTTCCTCGCTC-1",5
"CACCGATACACCGAGC-1",2
"CACCGCCAGAAGGTTT-1",3
"CACCGCCGACCAGCGA-1",2
"CACCGCGTCCACTCTA-1",7
"CACCGGAGATATCTCC-1",7
"CACCGGTAGAGACATT-1",4
"CACCGTATCCCATCCG-1",7
"CACCGTTAGGGATCAC-1",4
"CACCGTTGCGCGATAT-1",1
"CACCTAATAGAGTCGT-1",7
"CACCTAATCAGTTTAC-1",6
"CACCTCGATGGTGGAC-1",6
"CACCTTGCGAAACTCG-1",6
"CACCTTGGCGCCTTTG-1",2
"CACGAAAGTTAGTCCC-1",6
"CACGACCACAGACTTT-1",5
"CACGACGTAATAGTAA-1",5
"CACGACTAAAGTTCTG-1",5
"CACGATTGGTCGTTAA-1",5
"CACGCACAGCGCAGCT-1",6
"CACGCAGCGAGGCTTT-1",3
"CACGCGGAACTGTTGC-1",2
"CACGGCGCGCCAAAGG-1",7
"CACGGGATTGAGGGTT-1",2
"CACGTCGGCAACCTCT-1",1
"CACGTCTATGATGTGG-1",7
"CACGTTCGTGCTCTAG-1",6
"CACGTTTCGTACACAC-1",2
"CACTAAAGTTGCCTAT-1",3
"CACTACGGGAGCTGCC-1",7
"CACTACTCAGTTCTGT-1",7
"CACTCAAGAGCTATGG-1",3
"CACTCAGCTCTTGAGG-1",2
"CACTCCTATGTAAGAT-1",4
"CACTCCTCTCGGTCGG-1",2
"CACTCGAGCTGAACAA-1",3
"CACTCGGTTAGGAGGA-1",6
"CACTCTTCTGCTAGCC-1",7
"CACTGACGATTGTGGA-1",1
"CACTGTCCAAGTGAGA-1",2
"CACTTAATCAGACGGA-1",3
"CACTTCGCCACAGGCT-1",2
"CACTTCGTCTTATCTC-1",5
"CAGAACTTAGCCCTCT-1",6
"CAGAATAACACACGGA-1",7
"CAGACACCGATCGCTG-1",1
"CAGACCTGTAAGTGTT-1",2
"CAGACGAACCTGATAC-1",1
"CAGAGACGGTCACCCA-1",3
"CAGAGCATGAGCTTGC-1",2
"CAGAGGCGATGCATGA-1",1
"CAGAGTGATTTAACGT-1",2
"CAGATACTAACATAGT-1",6
"CAGATATGAAGATGAC-1",1
"CAGATCATTTAAAGTC-1",7
"CAGATCCTGGTTTGAA-1",4
"CAGCAGCCCGTTCCTT-1",6
"CAGCAGTCCAGACTAT-1",2
"CAGCAGTCTGTGCTGC-1",6
"CAGCCCTCACAGGCAG-1",7
"CAGCCGGGCCCTCTAT-1",2
"CAGCCTCCTGCAGAGG-1",6
"CAGCCTCTCCTCAAGA-1",2
"CAGCGATTCCCTTCAA-1",1
"CAGCTCACTGAGACAT-1",3
"CAGCTCGACAAGTTAA-1",6
"CAGCTCGTGCTTGTGT-1",7
"CAGCTGGCGTAACCGT-1",1
"CAGCTTAGTAGGTAGC-1",6
"CAGGAAGACTTTATAT-1",2
"CAGGATATATCGTTGT-1",3
"CAGGATCCGCCCGACC-1",5
"CAGGCAGTCTTACCAG-1",2
"CAGGCCGTTTGGGTGT-1",3
"CAGGCGCACGGTGGTC-1",4
"CAGGCGCCATGCTAGG-1",3
"CAGTAACTATTTATTG-1",2
"CAGTAATCCCTCCCAG-1",2
"CAGTACATTCTCTAAA-1",2
"CAGTACCAGTTTACGT-1",1
"CAGTAGCCCACGCGGT-1",6
"CAGTAGCGAGGTAGTA-1",5
"CAGTCGAGGATGCAAT-1",2
"CAGTCTCTCGGCTAAT-1",5
"CAGTCTGTATACTGGG-1",3
"CAGTGAATAAATGACT-1",6
"CAGTGGTTGCACATGA-1",7
"CAGTGTCCGCAGAATG-1",7
"CAGTGTCGGCTGGCCC-1",2
"CAGTGTTAATCTCTCA-1",4
"CAGTTCAAATTGACAC-1",3
"CAGTTCCGCGGGTCGA-1",2
"CATAACGGACAGTCGT-1",2
"CATAAGAAGCTTGGCT-1",6
"CATAAGCTCTCCGTCT-1",3
"CATAATGAGCGGGCGA-1",5
"CATACAAAGCCGAACC-1",7
"CATACACGGTTCCCAC-1",3
"CATACCCGTACCCAGT-1",3
"CATACGAACTAGCTGG-1",4
"CATACGGCGTCTGGGC-1",3
"CATACGGGTGCATGAT-1",5
"CATACTATGTAATTGT-1",3
"CATACTTAGGCAATAC-1",7
"CATAGCCGCCCGGGAT-1",2
"CATAGCGTTGCCCACC-1",4
"CATAGTACATTGAGAG-1",2
"CATAGTAGCATAGTAG-1",2
"CATAGTCAAATACATA-1",2
"CATAGTCCACAAGAAC-1",1
"CATATACTACTGATAA-1",7
"CATATAGGTACAGTCA-1",1
"CATATGTCAGGCTACG-1",1
"CATATTATTTGCCCTA-1",2
"CATCATCTACCCGGAC-1",2
"CATCATTACCCTGAGG-1",2
"CATCCAATATAGTTTG-1",4
"CATCCGCAGGCCCGAA-1",5
"CATCCTCTCAAAGATC-1",2
"CATCGAATGGATCTCT-1",5
"CATCGCCCGCGGCCAA-1",7
"CATCGGACGGGTTAAT-1",3
"CATCTATCCCGTGTCT-1",2
"CATCTTACACCACCTC-1",2
"CATGAACCGACATTTG-1",7
"CATGAACCTCTTATCA-1",7
"CATGACTTCGCTGAAT-1",2
"CATGAGATGCACTCTC-1",6
"CATGATGCACAATTCT-1",6
"CATGATGGAAGTTAGC-1",2
"CATGCACGTGTTACTG-1",7
"CATGCATGGAGACCCT-1",2
"CATGCCAACTCGCAAA-1",3
"CATGCGACCAGTTTAA-1",2
"CATGCGTTAGACAGAA-1",2
"CATGCTGGCTCCAATT-1",2
"CATGGAAATGGGACCA-1",5
"CATGGATTGTCTTCCG-1",7
"CATGGCAGGAAGATCG-1",6
"CATGGGTATGCCTTAT-1",6
"CATGGGTCGGGTGTGG-1",6
"CATGGTAAGTAGCGTT-1",3
"CATGGTATTAGTTTGT-1",4
"CATGGTCTAGATACCG-1",6
"CATGTAAGAGACATTT-1",2
"CATGTAGGAGCGCCAA-1",5
"CATGTCTCATTTATGG-1",6
"CATTACGTCGGCCCGT-1",6
"CATTATAACAGGGTCC-1",5
"CATTATCCCATTAACG-1",1
"CATTATGCTTGTTGTG-1",3
"CATTCACTGACAGCTA-1",7
"CATTCAGGTCAGTGCG-1",5
"CATTCCCTAAGTACAA-1",5
"CATTGCAAAGCATAAT-1",7
"CATTGCGAAATGGGCG-1",6
"CATTGTGTGCTAGATC-1",5
"CATTTAGCGGACCATG-1",6
"CATTTATCGTTCAAGA-1",7
"CATTTCTAGCAGACTA-1",7
"CATTTGAGTGGTACGT-1",4
"CCAAACAGAACCCTCG-1",6
"CCAAAGCAGTTGGTTG-1",5
"CCAAATAACAAGATTC-1",7
"CCAACCTTATGTAACT-1",4
"CCAACGATGCACTGAT-1",6
"CCAACGCTTGCCAGGG-1",7
"CCAAGAAAGTGGGCGA-1",1
"CCAAGACTTCTGCGAA-1",6
"CCAAGCGTAACTCGTA-1",3
"CCAAGGAACAGAGAGG-1",2
"CCAATAGTGCCGTCGA-1",3
"CCAATCGGTAGATCGA-1",2
"CCAATGTCACAGCAAG-1",3
"CCAATTACGGGTCGAG-1",2
"CCAATTGAATGTTAAT-1",6
"CCACAATGTACGTCTT-1",6
"CCACACTGAGATATTA-1",3
"CCACAGCTGAAATCAT-1",5
"CCACAGTACCCATCCT-1",2
"CCACATACTGCACCCA-1",5
"CCACCAACTTTACTGT-1",4
"CCACCCAAGGAAAGTG-1",3
"CCACGAATTTAACCTC-1",2
"CCACGAGAAGAGAATC-1",6
"CCACGGAGCCATAAGA-1",1
"CCACGGTGCCCGGTAG-1",2
"CCACTAAACTGAATCG-1",5
"CCACTGGTGGCTGGTT-1",3
"CCACTGTTTGGATTAA-1",7
"CCAGAAAGCAACTCAT-1",4
"CCAGAGACAAAGCCGG-1",2
"CCAGATAGTTGAGTGA-1",6
"CCAGCCTGGACCAATA-1",3
"CCAGCTACGCCTCATA-1",5
"CCAGCTCGAACGCATT-1",6
"CCAGCTGATGGTACTT-1",3
"CCAGCTTCCGCCCGCA-1",2
"CCAGGGACGTGGCCTC-1",3
"CCAGTAGTCTGATCCA-1",6
"CCAGTCAAATCTCTTA-1",3
"CCAGTCCATTATTCGA-1",5
"CCAGTCTAGACGGCGC-1",6
"CCAGTCTTGTCATAGA-1",3
"CCATAAACAACCCGAC-1",2
"CCATACCTTTACTTGT-1",2
"CCATAGGTTGGCGTGG-1",6
"CCATAGTCAGTAACCC-1",7
"CCATATGGAAACTATA-1",2
"CCATATTGGATCATGA-1",5
"CCATCCATACCAAGTC-1",7
"CCATCGCAGTTAAACT-1",3
"CCATCTCACCAGTGAA-1",2
"CCATCTTGTTCACAAT-1",5
"CCATGCCCTAGATTTC-1",2
"CCATGCCTGTTTAGTA-1",3
"CCATGCTCTGCAGGAA-1",6
"CCATGGCCCTTGTACC-1",6
"CCATGTTCATCTATAT-1",4
"CCATTAGCGATAATCC-1",3
"CCATTCCCTGCCCACA-1",3
"CCATTTCTACCTATTA-1",6
"CCCAAACATGCTGCTC-1",6
"CCCAACATACGTCGCG-1",1
"CCCAACCACACTAACA-1",2
"CCCAAGAATGCACGGT-1",7
"CCCAAGACAGAGTATG-1",5
"CCCAATGAGATTTGCA-1",4
"CCCAATTTCACAACTT-1",3
"CCCAGAGGAGGGCGTA-1",7
"CCCAGGTCTGAAGGCT-1",7
"CCCAGTAAACTTGGGA-1",1
"CCCAGTTAAGGCGCCG-1",6
"CCCGAAGTTTCGCGAA-1",3
"CCCGACCATAGTCCGC-1",6
"CCCGAGTTTCTCCGTA-1",7
"CCCGCAGCGCGAACTA-1",3
"CCCGCAGGGCCCAAAG-1",2
"CCCGCCATGCTCCCGT-1",2
"CCCGCGCAATGCACCC-1",7
"CCCGCTAGAGGGTTAA-1",7
"CCCGGGTCGTTCAGGG-1",3
"CCCGGTGGAAGAACCT-1",2
"CCCGGTGTATCGGAAT-1",4
"CCCGTAAGTCTAGGCC-1",3
"CCCGTAGCTGGGAAGA-1",4
"CCCGTCAGCGTCTGAC-1",6
"CCCGTTTCGCAGATGT-1",7
"CCCTAGTGTCAGGTGT-1",5
"CCCTATGTAGAGCAGA-1",4
"CCCTCATTCTGGAATT-1",2
"CCCTCCTCGCTCGTAT-1",7
"CCCTCGGGAGCCTTGT-1",5
"CCCTGAAATGAGTTGA-1",3
"CCCTGACTAACAAATT-1",6
"CCCTGATGTAACTCGT-1",5
"CCCTGCCCAATCCGCT-1",3
"CCCTGCGCTACGCATA-1",6
"CCCTGGTATGGGCGGC-1",2
"CCCTGTTGGCAAAGAC-1",5
"CCCTTCTCGTACGCGA-1",5
"CCCTTTAATGGAGTTC-1",7
"CCCTTTGACAGGTCTT-1",1
"CCGAAAGTGGTGAGCA-1",2
"CCGAACACTGGGCCTC-1",3
"CCGAACCTTCCCGGCC-1",3
"CCGAAGTATATTGTTC-1",2
"CCGACAAACACATGAG-1",5
"CCGACAAAGGGAGTGC-1",6
"CCGACAATAGGCCGCC-1",7
"CCGACGGGCATGAGGT-1",4
"CCGACGTAAACACAAC-1",2
"CCGACTCGCATAGTCT-1",7
"CCGAGAAGTCGCATAA-1",7
"CCGAGCTGTGCTTGTC-1",5
"CCGAGGGATGTTAGGC-1",7
"CCGATCTCAACCTTAT-1",2
"CCGATTCGAGGGACCC-1",3
"CCGATTGGTCAATGAA-1",5
"CCGCACAAAGACCAAC-1",3
"CCGCACGTGACCTCGG-1",2
"CCGCATGTGGTACGAT-1",3
"CCGCCACCACAATCCA-1",7
"CCGCCGGAACTTCTCG-1",1
"CCGCCGGTCAACACAC-1",2
"CCGCCGTTGAGGATAA-1",7
"CCGCCTGCGAATTGGT-1",2
"CCGCGATTTGGTAGGT-1",6
"CCGCGGAATGCGTCAC-1",1
"CCGCGGGTACGAAGAA-1",6
"CCGCGTAGGTAAGGGC-1",2
"CCGCTATCAGCACCAG-1",3
"CCGCTCTTCCGAACTA-1",7
"CCGCTGGTGCCATTCA-1",2
"CCGCTTACCTCACTCT-1",1
"CCGCTTCGCGGTTAAC-1",5
"CCGCTTGCTGACATGG-1",7
"CCGGAATGGTTTCAGT-1",6
"CCGGAGCGTACTTTCT-1",3
"CCGGCACGACCGTTTC-1",7
"CCGGCGCATATTGGAT-1",2
"CCGGCGTGAGACTCTG-1",3
"CCGGGACCCGCAGAGA-1",2
"CCGGGCGGTCTCGTCA-1",6
"CCGGGCTAAGAATTTC-1",4
"CCGGGCTGCTCCATAC-1",6
"CCGGGTTCGAGGTTAC-1",3
"CCGGTAATGGCTAGTC-1",7
"CCGGTTTGTAATTGTG-1",1
"CCGTAAGTTGGTCCCA-1",6
"CCGTACCCAAGCGCCA-1",7
"CCGTAGGAAATCCCTG-1",2
"CCGTAGGGTTGTTTAC-1",7
"CCGTATCTCGTCGTAG-1",4
"CCGTATTAGCGCAGTT-1",7
"CCGTCAACCTCTGGCG-1",4
"CCGTGCCCATGACGGC-1",7
"CCGTGGAACGATCCAA-1",2
"CCGTGTTAAATTCCAT-1",1
"CCGTTACGTTAGAACA-1",2
"CCGTTCCGAATCTCGG-1",3
"CCTAAACAGGGTCCGT-1",5
"CCTAAAGGCTGACGCT-1",2
"CCTAAATTAACGGTTC-1",3
"CCTAAATTGTATCCTA-1",7
"CCTAACCCAAACAAGT-1",6
"CCTAACTAAGGCTCTA-1",2
"CCTAAGTGTCTAACCG-1",5
"CCTACAAGTCCGGAAT-1",5
"CCTACATTCACAGACG-1",4
"CCTACGCGACCTTACA-1",7
"CCTACGGCTCAGTCGA-1",2
"CCTACTGCTTACACTT-1",2
"CCTAGGCGTAGCGATC-1",6
"CCTAGGTAAAGGTAGC-1",1
"CCTAGTTAGTCGCATG-1",2
"CCTATAATGAGTGCCC-1",6
"CCTATACCGTCCTGTC-1",1
"CCTATATCGTGTCACG-1",4
"CCTATATTTGTCCTGG-1",1
"CCTATCTATATCGGAA-1",6
"CCTATGAAGTGGTGCC-1",7
"CCTATGGCTCCTAGTG-1",1
"CCTATGGGTTACCGTC-1",3
"CCTATGGTCAAAGCTG-1",3
"CCTATGTCCACTCCAC-1",2
"CCTCACCAATCTTGAC-1",2
"CCTCACCTGAGGGAGC-1",2
"CCTCACCTTAGCATCG-1",6
"CCTCATGCAGCTACGA-1",5
"CCTCCCGACAATCCCT-1",2
"CCTCCGACAATTCAAG-1",6
"CCTCCTAGCTAGAGTC-1",4
"CCTCCTGTTGTGTCGT-1",2
"CCTCGAAGTGGACGGG-1",6
"CCTCGACCCACTGCCT-1",7
"CCTCGCCAGCAAATTA-1",6
"CCTCGCGCGATATAGG-1",2
"CCTCGCGCTGTGCGAT-1",3
"CCTCGGACCGGGATAG-1",6
"CCTCGGATGCTACCTG-1",2
"CCTCGGTTTCCTTGCC-1",1
"CCTCTAATCTGCCAAG-1",6
"CCTCTACAAGGATTGG-1",4
"CCTCTATCGATTAGCA-1",4
"CCTCTCTCCCATCTAG-1",3
"CCTCTGGCCTAGACGG-1",2
"CCTCTGTACTATTCTA-1",3
"CCTGAACGATATATTC-1",6
"CCTGAATATTTACATA-1",6
"CCTGACCACCGATGGT-1",3
"CCTGACGCAACCTTTA-1",7
"CCTGCGTTCTACGCTT-1",2
"CCTGCTATTTGAGAAG-1",6
"CCTGGAAACGTTCTGC-1",7
"CCTGGCTAGACCCGCC-1",6
"CCTGGTCGAATGTGGG-1",2
"CCTGTAAGACATGATA-1",3
"CCTGTACTCACGCCCA-1",3
"CCTGTCACCCGGGCTC-1",3
"CCTGTCCCTCACGTTA-1",7
"CCTGTCGCCCGTAAAT-1",3
"CCTGTGCATAGGAGAC-1",5
"CCTGTTTGAAGACACG-1",2
"CCTTCAGTTAAAGTGA-1",1
"CCTTCGTATAGAATCC-1",1
"CCTTCTCAGCGTTCCT-1",3
"CCTTCTTGATCCAGTG-1",6
"CCTTGACCACTTTATT-1",7
"CCTTTAAGGGAGCACT-1",1
"CCTTTCAATGAAGAAA-1",2
"CCTTTGAATTATGGCT-1",4
"CGAAACATAGATGGCA-1",2
"CGAAACGCAATTCATG-1",3
"CGAACAGTATGGGCGT-1",2
"CGAACCCGCATGCGTC-1",1
"CGAACGCCCAGTGCCG-1",2
"CGAACGGCCGGACAAC-1",1
"CGAAGACTGCCCGGGA-1",5
"CGAAGCTATAAATTCA-1",7
"CGAAGGGTTTCAGATT-1",4
"CGAAGTTGCTCTGTGT-1",6
"CGAATCTGCTCGACGC-1",1
"CGAATGAAGTCATTGC-1",4
"CGAATGACGCATAATG-1",3
"CGAATTACATGGTGTT-1",7
"CGACAATTTGATCTAA-1",2
"CGACACGCTCCGACAG-1",2
"CGACAGTTCGCGTTAT-1",3
"CGACATGCGATCTTCT-1",7
"CGACCCTTAACGCCGG-1",1
"CGACGCATCCGTACCT-1",1
"CGACTCAGGATGTTAT-1",6
"CGACTTTGTATAGCCT-1",7
"CGAGACCCTAGAGTGT-1",3
"CGAGAGATGTGAACCT-1",3
"CGAGAGCGCGTAGATA-1",3
"CGAGAGCTTTCACTAC-1",2
"CGAGAGGGTAGCCGCG-1",7
"CGAGATGTTGCCTATA-1",5
"CGAGATTTCGCTCGGG-1",7
"CGAGCACTTCAAGTTT-1",2
"CGAGCGTTGATCAGCC-1",7
"CGAGCTGGGCTTTAGG-1",6
"CGAGGCCAGGCATTGG-1",7
"CGAGGCTAAATATGGC-1",3
"CGAGGGACTGCGGTCG-1",6
"CGAGGGTATCCAGGTG-1",3
"CGAGTACTAAAGAGGA-1",1
"CGAGTGAAGGTACCAG-1",1
"CGAGTGCTATAGTTCG-1",7
"CGAGTTCTGTCCCACC-1",6
"CGAGTTTATCGGACTG-1",2
"CGATAATACTCAGGTT-1",7
"CGATACCTCGCGGACA-1",1
"CGATAGCGATACAGTG-1",4
"CGATAGTCGTACTGCA-1",2
"CGATATTAGCCGCAGG-1",5
"CGATCCGACCCAGTGC-1",3
"CGATCCTCGCAACATA-1",4
"CGATCTGTTGGAGGAC-1",1
"CGATGGACCCTACGCC-1",2
"CGATGTTGTTATCTAC-1",4
"CGATTAAATATCTCCT-1",3
"CGATTCGCCTGGCTGC-1",6
"CGCAAACACGAGTTAC-1",6
"CGCAATTACTTTCGGT-1",2
"CGCAATTAGGGTAATA-1",6
"CGCAATTCTACAATAA-1",2
"CGCACATGTCCACTAC-1",6
"CGCACGTCTGTTTATG-1",1
"CGCACGTGCGCTATCA-1",2
"CGCAGAAACATTTGCG-1",7
"CGCAGATCTTCACCCG-1",7
"CGCAGGCGATCCAAAC-1",7
"CGCATCATGGCTTCAG-1",2
"CGCATGGTGCGATGCT-1",3
"CGCATTAGCTAATAGG-1",3
"CGCCAAGAAGCCGAGT-1",3
"CGCCACAGGTCGCGAT-1",1
"CGCCACCCGCATTAAC-1",5
"CGCCATCCGATTATGA-1",6
"CGCCCAGCACGCCTAG-1",1
"CGCCCAGCGTTTCACG-1",2
"CGCCCGCTTCCGTACA-1",6
"CGCCCTAATTGTTCAA-1",4
"CGCCCTTACATCCACC-1",5
"CGCCCTTGAAGGCTGA-1",2
"CGCCGCCCATGCCTGT-1",6
"CGCCGCGTTCTGAACG-1",1
"CGCCGTTCAGCATAGT-1",7
"CGCCTCCCTCCTCTAT-1",3
"CGCCTGGCCTACGTAA-1",3
"CGCCTTTAGCATGCTC-1",7
"CGCGAAGTGGCATACT-1",7
"CGCGACCGCGACAGAT-1",6
"CGCGAGAGGGACTTGT-1",7
"CGCGAGTCTGCCGGGT-1",4
"CGCGCAAATGTCCAGA-1",4
"CGCGCAAGGAACTACA-1",5
"CGCGCATGTTTGATTG-1",1
"CGCGCCCGACTTAATA-1",6
"CGCGGCAGTATTACGG-1",5
"CGCGGCTCAACTTGAA-1",2
"CGCGGGAATTAGGCAG-1",6
"CGCGGTCACAAACCAA-1",7
"CGCGTCATATTAAACC-1",7
"CGCGTGCTATCAACGA-1",5
"CGCGTTCATGAAATAC-1",3
"CGCTACGGGACATTTA-1",3
"CGCTAGAGACCGCTGC-1",2
"CGCTATACCGCCCACT-1",7
"CGCTATTCAATGTATG-1",2
"CGCTATTCTTAGGCTC-1",3
"CGCTCGACATAATGAT-1",6
"CGCTCTCCGTAGATTA-1",3
"CGCTGAGGACGTCCAA-1",5
"CGCTGGTGACTACCCT-1",2
"CGCTGTGACGCCGCAC-1",6
"CGCTGTGTGGATGTTG-1",1
"CGCTTAGTATTGATAC-1",3
"CGCTTATTCCCGGTCG-1",3
"CGCTTCCACTGAAATC-1",2
"CGCTTTCATACCGGTG-1",2
"CGCTTTCTTGCATTCG-1",6
"CGGAAAGAATCAAACG-1",1
"CGGAAATTTCACATCC-1",7
"CGGAACGTAAACATAG-1",1
"CGGAGCAATTTAATCG-1",3
"CGGAGCATGGCGATCC-1",3
"CGGAGCTTATAACACC-1",2
"CGGAGTTTGAGAGACA-1",6
"CGGATAAGCGGACATG-1",7
"CGGATCCTCAAGGACT-1",6
"CGGCAAACATCGTGCG-1",3
"CGGCAATAAGATCGCC-1",7
"CGGCACCGTTAGCGCC-1",2
"CGGCACTCAAGAAAGT-1",7
"CGGCAGGGTCGGGTTG-1",2
"CGGCCACGCACAAAGT-1",3
"CGGCCAGAGCGACCAT-1",1
"CGGCCCAACCTGTAGT-1",7
"CGGCCCAGGTATATCC-1",2
"CGGCGCCATCAATCCC-1",2
"CGGCTCTAAAGCTGCA-1",7
"CGGCTCTTCGTCGAAC-1",7
"CGGCTGCAAGATTAAG-1",7
"CGGCTTTGTATGATAA-1",7
"CGGGAATATAGTATAC-1",7
"CGGGAATTTATGTAAA-1",3
"CGGGAGCTTCAGTGTA-1",2
"CGGGAGTATACCGCCG-1",7
"CGGGATCAATGTAAGA-1",6
"CGGGCAGCTAAACCGC-1",3
"CGGGCCATAGCCGCAC-1",5
"CGGGCCTTCTTTGTAA-1",3
"CGGGTGTACCCATTTA-1",6
"CGGGTTCGGCACGTAT-1",5
"CGGGTTGTAGCTTTGG-1",5
"CGGGTTTGTTAGGGCT-1",7
"CGGTACTAGAATCAAA-1",6
"CGGTAGAGGTGCAGGT-1",2
"CGGTATAGGTATTAGC-1",7
"CGGTCAAGTGGGAACC-1",6
"CGGTCCGTCGCAAGCC-1",1
"CGGTCTATCAACCCGT-1",6
"CGGTGAAGACTAAAGT-1",6
"CGGTGCAGATAGAACG-1",3
"CGGTGCGCGTTGGTCC-1",4
"CGGTGGGCTCCAGCCT-1",2
"CGGTGTACTTGATCCC-1",2
"CGGTTATCCAACAGTG-1",2
"CGGTTCAAGTAGGTGT-1",2
"CGGTTCCGGCTTCTTG-1",5
"CGGTTGACCTGGCATA-1",3
"CGGTTGAGTATCCTTC-1",4
"CGGTTGGGTTCAAGTT-1",7
"CGGTTTATGAAGGAAC-1",7
"CGTAAACGCTTGAGTG-1",5
"CGTAACTTCGACACTT-1",1
"CGTACCTGATAGGCCT-1",6
"CGTAGAGAGTAATTAT-1",2
"CGTAGCGAATTGTCAG-1",2
"CGTAGCGCCGACGTTG-1",7
"CGTATTAAGAGATCTA-1",3
"CGTCAAGGCTATAAAT-1",2
"CGTCAATCTTTAACAT-1",5
"CGTCACGTCCATTGGT-1",1
"CGTCAGTGCGCACAAG-1",7
"CGTCAGTTTATCGTCT-1",5
"CGTCATACCATATCCA-1",2
"CGTCGCATGTGAGCCA-1",6
"CGTCGCGGCGGGATTT-1",5
"CGTCGCTTGGTTATAC-1",4
"CGTCGGATAGTGTTGA-1",2
"CGTCGGGTCTAAGCGC-1",4
"CGTCGTCCTTCGCGAA-1",6
"CGTCTGGAAGGGCCCG-1",6
"CGTGAAGTTAATTCAC-1",1
"CGTGACATTGGGTCGT-1",2
"CGTGACCAGTCCTCTG-1",3
"CGTGCAGACTGGGACA-1",3
"CGTGCATTGTCGACGC-1",3
"CGTGCCCGACATTTGT-1",5
"CGTGCCCTCCCGAAGA-1",6
"CGTGCTTCTACCTAAA-1",4
"CGTGGCCGAATATCTA-1",2
"CGTGGTACCCAAAGGC-1",4
"CGTGTCCCATTCGCGA-1",6
"CGTGTCTCGTTACGAC-1",4
"CGTGTGTTAAACCCTG-1",7
"CGTTAAACTAGTTAGG-1",7
"CGTTAATGTCCCGACG-1",2
"CGTTAGCTCACAACTG-1",2
"CGTTCAGACCCGCGAA-1",3
"CGTTCATGGTGCGCGT-1",1
"CGTTCTTCGCACACCT-1",7
"CGTTGAATACCGCGCT-1",6
"CGTTGAGCGACCGTCG-1",3
"CGTTGAGTAATTGCGT-1",7
"CGTTGCCCGCGTGGGA-1",1
"CGTTGTAAACGTCAGG-1",7
"CGTTGTAAGATTGATT-1",7
"CGTTGTCGGCAATTGA-1",6
"CGTTGTTTCAATTCCC-1",3
"CGTTTAAGCGGAGCAC-1",2
"CGTTTCACTTCGGGCG-1",2
"CGTTTCGCTCATTACA-1",3
"CGTTTGTGTAGAGGGT-1",4
"CTAAACGGGTGTAATC-1",5
"CTAAAGAATGCCTACT-1",3
"CTAAAGGGAAATAGGA-1",3
"CTAAAGTCCGAAGCTA-1",5
"CTAAATCCGGTGTACA-1",4
"CTAAATCCTATTCCGG-1",6
"CTAACCGCGCGCCCGT-1",3
"CTAACGAAACTTGCTG-1",2
"CTAACTGATAATCGCC-1",7
"CTAACTGGTCCGGTTC-1",4
"CTAAGGGAATGATTGG-1",3
"CTAAGTACAGGGCTAC-1",5
"CTAATTCGCACGCGCT-1",6
"CTAATTCTCAGATATT-1",7
"CTAATTTCAACAACAC-1",2
"CTACAAGAAATAACCC-1",4
"CTACACTAGCTTGTTC-1",5
"CTACACTCGCAGATGG-1",7
"CTACATATCGCGGGAC-1",4
"CTACCCTAAGGTCATA-1",6
"CTACGAACTAGGTCGA-1",7
"CTACGACTAGCTATAA-1",3
"CTACGATCCTATCCTA-1",4
"CTACGCACGGAGTACC-1",3
"CTACGCCATTTCCGAT-1",2
"CTACGTGTTGCCACCA-1",5
"CTACTATCATAGGTTT-1",4
"CTACTATCTTTCAGAG-1",6
"CTACTCAAGGTATAGT-1",1
"CTACTCTAGGCCCGGC-1",6
"CTACTGCCACCTGACC-1",3
"CTAGACATATATGTAG-1",5
"CTAGACTGCATTTCGT-1",7
"CTAGATAAACTCCTCG-1",5
"CTAGATGTGAGTGTAA-1",2
"CTAGATTTACGACGGC-1",3
"CTAGCAACTAATTTAC-1",5
"CTAGCATAGTATAATG-1",3
"CTAGCCGATGTTATGA-1",2
"CTAGGCGCCCTATCAG-1",2
"CTAGGCGGCAGAGAAT-1",5
"CTAGGGATAGGGACAA-1",1
"CTAGGTCTGAAGGAAT-1",2
"CTAGGTTCGGACGTGA-1",6
"CTAGTAGAAAGGGATT-1",6
"CTAGTATTCGGAATTA-1",2
"CTAGTCACGTCTTAAG-1",3
"CTAGTGAAGGACAGGA-1",3
"CTAGTTACAACCCGGT-1",3
"CTAGTTGGGCCCGGTA-1",6
"CTATAAGAGCCAATCG-1",2
"CTATAGGCGTTGATGT-1",4
"CTATCGACGAAATACA-1",2
"CTATCGGGTCTCAACA-1",3
"CTATGCCCGAATGCAA-1",3
"CTATGGGAAGCGGAAT-1",7
"CTATGTCACTAGCCCA-1",3
"CTATGTCTATTGAAAC-1",2
"CTATGTGAGTCACGGC-1",3
"CTATTCATGTGTCCCA-1",3
"CTATTGTGTTTGGTCA-1",7
"CTATTTGCTTGGAGGA-1",1
"CTATTTGGTTACGGAT-1",6
"CTCAAACCACTGCCCG-1",4
"CTCAACTAACCCGGAT-1",2
"CTCAAGACATTAGCGC-1",7
"CTCACATTTACTAAAT-1",6
"CTCACTGTGATACTTA-1",6
"CTCACTTGGCTGGTAA-1",3
"CTCAGGACTCACCTGT-1",7
"CTCAGTCACGACAAAT-1",2
"CTCATGGCTCACAATC-1",2
"CTCATGGTAATTTGCG-1",4
"CTCATTGCTCTAACAA-1",6
"CTCATTTGATGGGCGG-1",6
"CTCCCAATGAGTCGCG-1",5
"CTCCCTCCTTTCGATC-1",4
"CTCCGCCCACATGAGG-1",1
"CTCCGGCCTAATATGC-1",6
"CTCCGGCTTGTAGACA-1",5
"CTCCTAAGTTATGTCT-1",7
"CTCCTCCAGCTCACAC-1",1
"CTCCTGTTCAAGGCAG-1",5
"CTCCTTTACGCAAGTC-1",7
"CTCGAATGGAACGTAT-1",7
"CTCGAGACATACGATA-1",1
"CTCGAGGTCGAACAGT-1",3
"CTCGATATTTGCGAGC-1",2
"CTCGCACCTATATAGT-1",6
"CTCGCATTGCATAGCC-1",4
"CTCGCCGAATGTAGGG-1",3
"CTCGGGCATCGTCGGG-1",5
"CTCGGGTTCTCTGGCC-1",4
"CTCGGTACCACTGCTC-1",6
"CTCGGTCCGTAGCCTG-1",2
"CTCGGTTGTCGGCCCT-1",4
"CTCGTCGAGGGCTCAT-1",4
"CTCGTTACGGCTACCA-1",1
"CTCGTTTCTAATGTTT-1",2
"CTCTAATGCATTGATC-1",7
"CTCTACACTGGCGATT-1",3
"CTCTAGCCCTCGGAAA-1",2
"CTCTATTTGGCTGCAG-1",3
"CTCTCACAATCGATGA-1",3
"CTCTCGATGTGCGCCT-1",7
"CTCTCTAACTGCCTAG-1",4
"CTCTGCGAAGCAAGCA-1",5
"CTCTGGACGCCTGGTG-1",3
"CTCTGTGCCTGCTATG-1",5
"CTCTGTTTGAGGATTC-1",6
"CTCTTCTATTGACTGG-1",2
"CTCTTCTGGAAGTTAG-1",4
"CTCTTGTCCCGCTTGG-1",3
"CTGAAAGAGATCCGAC-1",6
"CTGAATCCGAGACCTC-1",1
"CTGAATTTATTGCCAG-1",7
"CTGACATAGAAATAGA-1",5
"CTGACTGCGCAGCTCG-1",2
"CTGAGAAAGTTCGGCG-1",7
"CTGAGCAAGTAACAAG-1",7
"CTGATAGTGTATCTCA-1",6
"CTGCAAATGGGCTCCA-1",5
"CTGCAAGCACGTTCCG-1",7
"CTGCACAACTACATAT-1",6
"CTGCACCTGGAACCGC-1",2
"CTGCACTCCAGTACAG-1",3
"CTGCAGAGAATCAGAG-1",7
"CTGCCAAGGTTGGAAG-1",6
"CTGCCATGCATCACAT-1",3
"CTGCCTAGCCACCAAG-1",2
"CTGCCTTTAATACCTT-1",4
"CTGCCTTTCTAGTAAA-1",2
"CTGCGGGTGAAATGTT-1",6
"CTGCGGTAGTCACGTG-1",2
"CTGCGTTACGATATAA-1",2
"CTGCTGAGGCCACGAA-1",4
"CTGCTGTCTAACGAGC-1",5
"CTGCTTGGCGATAGCT-1",6
"CTGCTTTATGTCCGCG-1",7
"CTGGAAATGGATGCTT-1",3
"CTGGAAGACACGGTGG-1",2
"CTGGACGCAGTCCGGC-1",1
"CTGGATTTACACTTGA-1",1
"CTGGCATCCGAATGAG-1",4
"CTGGCGACATAAGTCC-1",2
"CTGGCGCACAGGTCTG-1",6
"CTGGCGGGAATAAGTA-1",2
"CTGGCTCCTGCGGGAT-1",5
"CTGGCTGATTCATCCT-1",2
"CTGGCTGCTAACGTAA-1",5
"CTGGCTGGTTGTCAGT-1",3
"CTGGGATAAATAATGG-1",6
"CTGGGATACGCTACCC-1",7
"CTGGGATCGCCCAGAT-1",5
"CTGGGCACTAGTCGGA-1",5
"CTGGGCCTGCTATATC-1",1
"CTGGGCGGCCAAATGT-1",7
"CTGGGTAGGCAGTTAA-1",6
"CTGGGTTGAGTTAAAG-1",1
"CTGGTAAAGTGTGGGC-1",5
"CTGGTAACACATAGAA-1",6
"CTGGTAACGAGCTCTT-1",2
"CTGGTCATTCCAATCC-1",2
"CTGGTCCTAACTTGGC-1",7
"CTGGTGAATGGGCCTA-1",4
"CTGGTTCAACGCATCA-1",5
"CTGGTTTCGAGCAAGA-1",6
"CTGTACTTCTTAGCAT-1",3
"CTGTAGCCATCTCACT-1",1
"CTGTAGTGAGGATCGA-1",1
"CTGTATGGTGTAGAAA-1",2
"CTGTCAAATGGCTCGG-1",6
"CTGTCACGCCAGGCGC-1",7
"CTGTGCAGGGTAGGTC-1",3
"CTGTGGTCGGGAGATA-1",2
"CTGTTACCCAATCTAG-1",1
"CTGTTCACTGCCTGTG-1",6
"CTGTTCATCTCACGGG-1",5
"CTGTTGTTCAGTCGTA-1",4
"CTTAACTTCGAAGTAC-1",2
"CTTACACGGTATTCCA-1",3
"CTTACACTGGGAAATA-1",2
"CTTAGCCTTCCACATG-1",6
"CTTAGGTATAGACCAG-1",4
"CTTAGTAGGCCTACAG-1",2
"CTTAGTGTAGTAGCAT-1",6
"CTTAGTTGAGGAATCG-1",4
"CTTATGCGCTCAGGGC-1",3
"CTTATGTTGACTACCA-1",7
"CTTCAACTCCACTTGG-1",6
"CTTCAGTGGTCGCCTA-1",1
"CTTCATAGCTCAAGAA-1",2
"CTTCATTGTCAGTGGA-1",3
"CTTCCGCTCCGTGAAG-1",1
"CTTCCTGCATATTTAC-1",5
"CTTCGGCCAATTGTTT-1",7
"CTTCGTAGATAGGTGA-1",3
"CTTCGTGCCCGCATCG-1",5
"CTTCTATGTTGAAGTA-1",1
"CTTCTATTAATGCTAG-1",4
"CTTCTGGGCGTACCTA-1",4
"CTTCTTACGTCGTATA-1",2
"CTTGACCCGAAAGATA-1",7
"CTTGAGGTTATCCCGA-1",5
"CTTGAGTTAGGGTAAT-1",6
"CTTGCAACCGCCTCCT-1",3
"CTTGCCCAGGCTCTAC-1",1
"CTTGGCCAAGCTGGGA-1",3
"CTTGTACTTGTTGACT-1",6
"CTTGTCAACATTCGAG-1",3
"CTTGTCGTACGTGTCA-1",5
"CTTGTGAGGACAGCGG-1",5
"CTTGTGAGTCTTTGAC-1",5
"CTTGTGCTCACCGATT-1",2
"CTTGTTGCTGAGTCAA-1",6
"CTTGTTTATGTAGCCA-1",2
"CTTTAACTTTCAAAGG-1",6
"CTTTAATATTGGTCGA-1",6
"CTTTACCGAATAGTAG-1",6
"CTTTAGGAACACTGTT-1",6
"CTTTAGTGCTATTATT-1",3
"CTTTCTGTGCGGGCTT-1",3
"CTTTGAAACATATTCC-1",5
"CTTTGCATCGCTCTTG-1",2
"CTTTGGCGCTTTATAC-1",6
"CTTTGGCTTTAGTAAA-1",3
"CTTTGGGATTGTTGCA-1",1
"CTTTGTCGAATGCTCC-1",4
"GAAACAGATGACCACC-1",2
"GAAACAGCCATGCAGT-1",2
"GAAACATAGGAAACAG-1",4
"GAAACCATGGTGCGCT-1",7
"GAAACCGAATTACCTT-1",1
"GAAACCTATACAAATG-1",1
"GAAACTCGTGCGATGC-1",2
"GAAACTCTAATGAAGG-1",2
"GAAAGAACAGCGTTAT-1",2
"GAAAGCAGTGCACTTT-1",1
"GAAAGCCCTTTGGACC-1",6
"GAAAGTGACTAACTGC-1",6
"GAAATACCTGCTGGCT-1",2
"GAAATACTAAACGTTT-1",7
"GAAATATCACCATCAG-1",6
"GAAATATGCTTGAATG-1",7
"GAAATCGCGCGCAACT-1",6
"GAAATGGCGGTGTTAG-1",3
"GAAATGGGATGTAAAC-1",5
"GAAATTAGCACGGATA-1",2
"GAAATTCACATCGCTG-1",2
"GAAATTGTCTCTATAA-1",1
"GAACAACTGGGATGAA-1",2
"GAACACACATCAACCA-1",6
"GAACAGATTACTAAAT-1",6
"GAACCATCTGGGAGAC-1",5
"GAACCCTCTGTGTTCT-1",3
"GAACCTCGACCTACAC-1",6
"GAACCTTTAACGATCC-1",6
"GAACGACCGAATGATA-1",6
"GAACGCGGGTCACACG-1",7
"GAACGTCTCATGGTCG-1",6
"GAACGTTAGGAAGACG-1",6
"GAACTGTGGAGAGACA-1",3
"GAACTTAGCGCCCGGT-1",5
"GAAGAAACGATATTGT-1",4
"GAAGAACGGTGCAGGT-1",7
"GAAGACTTCAATGCCG-1",7
"GAAGCAAGGCAATGTT-1",5
"GAAGCCACTGATTATG-1",6
"GAAGCCTGCACATTCC-1",3
"GAAGCGTGAGGAATTT-1",3
"GAAGCTCGGACCCGTC-1",4
"GAAGCTTGCTGACCGC-1",3
"GAAGGACTAAATTGAA-1",5
"GAAGGAGTCGAGTGCG-1",3
"GAAGGGCATAACCATG-1",5
"GAAGTCAGTTGCACTA-1",3
"GAAGTCTCCCTAGCGA-1",6
"GAAGTGATTTATCGTG-1",1
"GAAGTGCTGGATAGCT-1",2
"GAAGTTTCCACTCAAT-1",3
"GAATAGACGCGACCCA-1",2
"GAATAGCATTTAGGGT-1",7
"GAATAGCCCTGCGGTC-1",7
"GAATAGTGCTCGATTA-1",4
"GAATATTCGGAGTCCC-1",2
"GAATCGACATGGTCAC-1",6
"GAATCGCCGGACACGG-1",7
"GAATCTATACTCGGAC-1",7
"GAATCTGAACATTCTC-1",3
"GAATGCCGAAATGACC-1",6
"GAATGCGAATCGGTTC-1",6
"GAATGTATGGCAGGTC-1",2
"GAATGTGGTCCGGATT-1",6
"GAATGTTGGGTAATCT-1",6
"GAATTATAGTGAAAGG-1",3
"GAATTCACCCGGGTGT-1",1
"GAATTTCTCGCTGCAG-1",2
"GACAAACATATGCAGG-1",2
"GACAACGACCATTGAA-1",6
"GACAACGCAGCTTACG-1",6
"GACAAGAGATGAGATT-1",5
"GACACAAGGGAAGAAA-1",3
"GACACGAGTTAGAGGA-1",2
"GACACTGAGTTCAGTG-1",1
"GACACTGGAACCCGAT-1",7
"GACAGATTTCTGGCTC-1",3
"GACAGCCAGACCTGAC-1",6
"GACAGGCACACACTAT-1",3
"GACATCCGTCGAACTG-1",6
"GACATCGATTTATAAC-1",1
"GACCAAACGTTGACTG-1",7
"GACCAGAGCCCTGTAG-1",3
"GACCAGGTCATTCATA-1",7
"GACCCAATTATGATAC-1",4
"GACCCGTCGCCGGCTA-1",2
"GACCGACGTGAAAGCA-1",7
"GACCGACTGAAGCGTC-1",6
"GACCGATTAAATATGT-1",4
"GACCGCGTCTGACGTG-1",7
"GACCGTCAGGTCGTGA-1",2
"GACCGTGCTGACGGTG-1",1
"GACCTTCCACGTCTAC-1",6
"GACGACGATCCGCGTT-1",6
"GACGAGGCTAATAAAC-1",2
"GACGCATACCCGTCGG-1",4
"GACGCCGTAAAGGCTA-1",1
"GACGCCTGTTGCAGGG-1",7
"GACGCTTGCTTCTAAA-1",3
"GACGGACCGCGTTCCT-1",7
"GACGGGATGTCTTATG-1",5
"GACGGGTTGGCCCGTA-1",1
"GACGGTCAATAGAAGC-1",2
"GACGTGAGACTCCATG-1",5
"GACGTGTAGGGATTAT-1",6
"GACTAACACAGCACCT-1",2
"GACTAAGATCATGCAC-1",6
"GACTAAGTAGGCTCAC-1",6
"GACTACAAAGCGGTGG-1",4
"GACTACAATTGCTCGT-1",2
"GACTAGGCCGTTAGGT-1",6
"GACTCACCCACGTGAG-1",7
"GACTCCCAGAATAAGG-1",7
"GACTCCTTCCAATTGA-1",4
"GACTCGCGGGAATGAC-1",2
"GACTCGGTCGGCGGAT-1",5
"GACTGATTGGTCACAA-1",7
"GACTGCAAATCGAGCT-1",6
"GACTGCACCAGCCCAG-1",6
"GACTGCGGCACGTGTA-1",2
"GACTGCTGGTGAGAAA-1",4
"GACTGGGCGCCGCAAC-1",7
"GAGACTGATGGGTAGA-1",3
"GAGACTTCGCGACCGA-1",3
"GAGAGGGCGCGAGGTT-1",3
"GAGAGGTGCATTCTGG-1",1
"GAGAGTCTCGGGAGAG-1",1
"GAGATCTGCTTGGCAT-1",3
"GAGATCTGTCACTCCG-1",6
"GAGATCTTCCATGACA-1",3
"GAGATGGGAGTCGACA-1",6
"GAGCACCTGTGTCCAG-1",6
"GAGCATCAACAACTTG-1",4
"GAGCATCATCCCTGGG-1",7
"GAGCCACGGTAGTAGG-1",7
"GAGCCAGCTACCTGTG-1",6
"GAGCCGAGCGTTTATT-1",7
"GAGCGAGGGAGTACCG-1",2
"GAGCGCAAATACTCCG-1",7
"GAGCGCGCACGAGTAG-1",2
"GAGCGCTATGTCAGGC-1",5
"GAGCGCTGTTAGGTAA-1",4
"GAGCGGAATGCGGTGT-1",1
"GAGCTAAGGGCATATC-1",6
"GAGCTCTCGGACCTAA-1",7
"GAGCTGTCGTCTCGGA-1",7
"GAGGAATGGAGAGGTT-1",2
"GAGGAGTAATTCCTAC-1",5
"GAGGATAAACAGTGCT-1",7
"GAGGCCCGACTCCGCA-1",4
"GAGGCCTGTTGATACA-1",7
"GAGGCTATCAAAGTCG-1",6
"GAGGGAGTCAGATCGC-1",1
"GAGGGCATCGCGTATC-1",7
"GAGGGCGCAGCTCTGC-1",6
"GAGGGTAGTAACAAAG-1",4
"GAGGTACATCCATCTT-1",2
"GAGGTACGCGTGTCCC-1",6
"GAGGTCCCAAAGATCT-1",2
"GAGGTCTTAGTGGGTC-1",7
"GAGTAAACCGGAAAGT-1",5
"GAGTAAGGCCACGGGA-1",1
"GAGTACGGGTATACAA-1",2
"GAGTAGATACTAGTTG-1",3
"GAGTATGCCCGCCTTG-1",4
"GAGTATGCGCGTGCAT-1",6
"GAGTCAGACCAGAATC-1",1
"GAGTCCGCTTACCGGA-1",3
"GAGTGTCAACCAGAAA-1",2
"GAGTGTGCGGTACCCA-1",6
"GAGTTGATGGCAATTT-1",1
"GAGTTGTCACCAGTCT-1",4
"GATAAATCGGTGGATG-1",7
"GATAACTCGCACTGTG-1",6
"GATAAGGCAGATGCAA-1",5
"GATACGATGGGAGTCA-1",1
"GATAGGTAACGTTGAC-1",1
"GATAGTGCGAGTAAGT-1",1
"GATATCTCATGCAATA-1",2
"GATATGAGACACTAAC-1",6
"GATATGCGGTAGCCAA-1",2
"GATATGGATTACGCGG-1",2
"GATATTGAGATTGGCG-1",2
"GATATTTCCTACATGG-1",2
"GATCAACATAAAGGGA-1",4
"GATCATTCCAAACATT-1",3
"GATCCCTTTATACTGC-1",3
"GATCCGGGAATTAACA-1",3
"GATCCTAAATCGGGAC-1",2
"GATCCTCGACACTGGC-1",4
"GATCCTCTTGCGCTTA-1",2
"GATCGACACTATCTGA-1",3
"GATCGCGGGCTCTCCA-1",3
"GATCGCTACCCGATTT-1",2
"GATCGCTATATCTCAG-1",1
"GATCGGATAGAACCAT-1",3
"GATCGGCGATAAGTCG-1",7
"GATCGGTGGCCATAAC-1",6
"GATCGTGACTGATATC-1",3
"GATCTCGACGCTGTGG-1",5
"GATCTGCTATCTAAGG-1",3
"GATCTTGGAGGGCATA-1",3
"GATCTTTGCAGGGTAT-1",3
"GATGACAAGTAGGGCA-1",1
"GATGACGATGATCGCG-1",5
"GATGAGGAACCTTCGG-1",2
"GATGATTTGAAACTGG-1",5
"GATGCCACACTACAGC-1",5
"GATGCCAGCAGAAGGC-1",2
"GATGCCTTCTGCGGCA-1",4
"GATGCGTCCTGCATTC-1",3
"GATGCTACAAGCGCCT-1",2
"GATGCTGTATTTCATC-1",3
"GATGGCGCACACATTA-1",2
"GATGGTGCCCTAGGCA-1",2
"GATGTAACGAACCACC-1",4
"GATGTCCGGATCACAT-1",5
"GATGTCGGTCAACTGC-1",2
"GATGTGTTGTCACAAG-1",7
"GATGTTCAATCCACGA-1",1
"GATGTTTGTGCGAGAT-1",6
"GATTAACCGAAAGCCC-1",2
"GATTAATCCTGGCTCA-1",5
"GATTACTGAATTTGGG-1",3
"GATTCCCTTGTCGCAG-1",6
"GATTCCGCGTTTCCGT-1",2
"GATTCCTATACGGCGC-1",2
"GATTCGACGGTTCACG-1",3
"GATTGACACTCTGCTC-1",7
"GATTGCTCCAGTTGCA-1",4
"GATTGGGAAAGGTTGT-1",2
"GCAAACCCTACATTAT-1",6
"GCAAACCTTGGCCATA-1",3
"GCAAACGTAAGCGACC-1",4
"GCAAACGTCGCCAGGT-1",7
"GCAAAGGGCGTTAGCC-1",4
"GCAAATATTACGCTTT-1",3
"GCAACACACTAGAACT-1",3
"GCAACAGCAGTATGCG-1",7
"GCAACCACCAGACCGG-1",2
"GCAACCACGGCCGCGT-1",3
"GCAACGGCTAGTTATG-1",7
"GCAAGAATTCCTTGGC-1",4
"GCAAGATGTGTTCGCG-1",7
"GCAAGTGCACAGAGAA-1",6
"GCAAGTGTAAAGCATG-1",1
"GCACAAACCCTAGATG-1",4
"GCACAAACGAGGCGTG-1",7
"GCACAACCTCGGGCGT-1",4
"GCACAAGTGTCGGAAG-1",2
"GCACACACTGGTAGCC-1",2
"GCACACGCCCATGGTC-1",2
"GCACAGCACGGGCCGA-1",1
"GCACGCCTACTTAGAT-1",4
"GCACGTGGTTTACTTA-1",7
"GCACTAGTCGCGCTAT-1",7
"GCACTGCCTACCTTTA-1",6
"GCACTGTGCAAATGTA-1",5
"GCAGACCCAGCACGTA-1",2
"GCAGATCCATAAGACT-1",6
"GCAGATCCTCGCAAAT-1",2
"GCAGATTAGGGATATC-1",3
"GCAGCACACAGCCCAG-1",3
"GCAGCCTATATCACAT-1",7
"GCAGCGGTGGGCATTA-1",5
"GCAGGAACTTAGATCT-1",1
"GCAGGACTATAGAATA-1",3
"GCAGGTAGAGTATGGT-1",2
"GCAGTGTGGCTATAGG-1",2
"GCATACGAGGTCTTTA-1",6
"GCATAGAGCACTCAGG-1",3
"GCATCCCTAACTTTGA-1",2
"GCATCGGCCGTGTAGG-1",2
"GCATGAGGGACGCGGC-1",6
"GCATTCAAGGCAACGC-1",7
"GCATTCGAAATGAACA-1",2
"GCATTGTAATTCATAT-1",3
"GCATTTCCAAGGCTCC-1",7
"GCCAACCATTTCCGGA-1",7
"GCCAAGAATACTTCTG-1",3
"GCCAATAGGGCATCTC-1",2
"GCCACAATTTAAGGAC-1",1
"GCCACTCAGAGCGCGA-1",2
"GCCAGGAAAGAACACT-1",1
"GCCAGGAGTAACCGAT-1",2
"GCCAGGCGTTCGCATG-1",2
"GCCATATTGCACACAG-1",2
"GCCATCGAGCTGCGTG-1",1
"GCCATCGATGCTGCAT-1",7
"GCCATTAGCCTCAAAC-1",1
"GCCCACCAAGGCTGTC-1",7
"GCCCAGTTGGTATGCC-1",2
"GCCCATGGGTGCAATG-1",7
"GCCCGACTTCTTCCCG-1",1
"GCCCGAGAGTCTAAAT-1",4
"GCCCGATCTGTGGTCG-1",3
"GCCCGCGCGTAAACGG-1",4
"GCCCGCGCGTTTGACA-1",2
"GCCCGTAATACCTTCT-1",6
"GCCCTAGCCGTCGCGA-1",4
"GCCCTGAGGATGGGCT-1",6
"GCCGAAATTCCTACGT-1",3
"GCCGACCCACGACTGC-1",4
"GCCGATTGGCCAAGCT-1",3
"GCCGCATTAGTCCGGC-1",6
"GCCGCTAGATACGCAG-1",7
"GCCGCTTGTGAGAAAC-1",3
"GCCGGAAACACATCTT-1",5
"GCCGGGTTAGGGTCGC-1",3
"GCCGGTTTGGGCGGAT-1",5
"GCCGTCGGTTTCGGGC-1",1
"GCCGTGGAAGAAATGT-1",7
"GCCTAGCGATCTGACC-1",2
"GCCTATAGTGTCAGGG-1",6
"GCCTATTCCGATATAG-1",2
"GCCTATTTGCTACACA-1",7
"GCCTCATCTGGAAATA-1",2
"GCCTCCGACAATTCAC-1",2
"GCCTCTATACATAGCA-1",2
"GCCTGCTACACTGAGA-1",5
"GCCTTCAGCCCTACCG-1",2
"GCCTTGTATATGCAGT-1",7
"GCCTTTGTCAGTGGAC-1",4
"GCGAAACGATCGGGAG-1",2
"GCGAAACTTAACTGGA-1",6
"GCGAAGAATCTGACGG-1",2
"GCGAAGCCATACCCGT-1",3
"GCGACATGTAAACATC-1",7
"GCGACCCAACCATCTG-1",1
"GCGACGATAGTTGTAC-1",1
"GCGAGAAACGGGAGTT-1",5
"GCGAGAGGCCATGTAA-1",7
"GCGAGAGTTGCGTCCA-1",2
"GCGAGCGCATGCTCCC-1",7
"GCGAGGCCCGAGCAGA-1",3
"GCGAGTTCTGCAAAGA-1",3
"GCGATTCTGGAAGCAG-1",2
"GCGATTGTTAACGTTA-1",6
"GCGCAAATATATTCAA-1",4
"GCGCAAGAGCGCGCTG-1",2
"GCGCATCCAGTCAGCA-1",2
"GCGCCGTTCCACGATA-1",3
"GCGCCTCCCACTCCGA-1",7
"GCGCGGTCTAGTAACT-1",1
"GCGCGTCATTGGTACA-1",6
"GCGCTAAGTATGCATG-1",7
"GCGCTAATTGAATAGA-1",3
"GCGCTATGCCGAGGCA-1",1
"GCGCTGATCCAGACTC-1",2
"GCGCTGCTTTGCATTT-1",2
"GCGCTTAAATAATTGG-1",2
"GCGGACCGCGTTGTGG-1",4
"GCGGAGAAACTTCGCA-1",4
"GCGGAGAGGGAGAACG-1",6
"GCGGCAAAGTATTGCC-1",4
"GCGGCTCTGACGTACC-1",3
"GCGGGAACCAGGCCCT-1",6
"GCGGGCGAGCCTTACC-1",1
"GCGGTCCCTAGACGCA-1",7
"GCGGTGAACTGCGCTC-1",2
"GCGGTTCCCTATCATG-1",1
"GCGTAAATGGCCATAA-1",2
"GCGTCCCTAAGACATA-1",1
"GCGTCGAAATGTCGGT-1",6
"GCGTCGCCAGGGTGAT-1",3
"GCGTCTCTGCATTGGG-1",3
"GCGTGGTACTGGGTTA-1",2
"GCGTGTATGTCGTATT-1",7
"GCGTTATATTTGGAAC-1",2
"GCGTTCGGAGACCGGG-1",7
"GCTAAACCTGAGGTGA-1",2
"GCTAACTGAAGTCTGA-1",2
"GCTAAGTAAAGGCGAT-1",2
"GCTAAGTAGTTTCTCT-1",6
"GCTAATACCGAATGCC-1",6
"GCTACAATCGAGGATA-1",7
"GCTACAGTACGGACCG-1",3
"GCTACGACTTATTGGG-1",3
"GCTACTATAGTAGAGT-1",2
"GCTAGACCGTCTACTG-1",2
"GCTAGAGTAGAGATGT-1",2
"GCTAGCAGGGAGTGGG-1",7
"GCTAGCGATAGGTCTT-1",4
"GCTAGCTTGAATAGCT-1",4
"GCTAGGCACCACGGAG-1",6
"GCTAGTAGAGCTTGTA-1",3
"GCTAGTTTCATTGAGG-1",2
"GCTATACGTCTCGGAC-1",2
"GCTATCATACTCATGG-1",6
"GCTATCGCGGCGCAAC-1",2
"GCTCAATCCGTTTATT-1",4
"GCTCAATGTAATACCG-1",3
"GCTCATTACTGCATGT-1",2
"GCTCCCAGTCGGTCCA-1",7
"GCTCCGCTCGCTTCAG-1",7
"GCTCCGGACGTTGATA-1",5
"GCTCCTGACATACTGG-1",4
"GCTCGCGGTTCCGCTC-1",2
"GCTCGCTCATGTCCAA-1",2
"GCTCGGAATTTAAAGC-1",6
"GCTCTAAACCCTGACG-1",6
"GCTCTATGTTACGTGC-1",6
"GCTCTCGGGTACCGAA-1",3
"GCTCTTTCCGCTAGTG-1",1
"GCTGAATCTTCCAATC-1",4
"GCTGAGGCGTGAGTAT-1",3
"GCTGCACGGTTTCTTA-1",3
"GCTGCTAAGTAGTCGA-1",3
"GCTGCTACTGCGTAGC-1",6
"GCTGCTCTCCGGACAC-1",3
"GCTGGACCCAAAGTGG-1",7
"GCTGGCATATTCACCT-1",6
"GCTGGCGGCGCATGCT-1",3
"GCTGGGTCCGCTGTTA-1",5
"GCTGGTTTAGGCCATA-1",4
"GCTGTATTACTGGCCC-1",4
"GCTGTCTGTGATCGAC-1",7
"GCTGTTGCTACCGAAC-1",2
"GCTTAATGTAACTAAC-1",6
"GCTTACGTAGTTAGTA-1",7
"GCTTATGAAGCAGGAA-1",6
"GCTTCCGTCCCTAGAC-1",6
"GCTTCGACGTTCAATC-1",4
"GCTTGATGATAATCAG-1",2
"GCTTGGATCGATTAGG-1",2
"GCTTTCAGAGGAGGTG-1",2
"GGAAACCTTGTTGAAT-1",7
"GGAAACTAAATGGGCC-1",7
"GGAAAGTGCCCATGCC-1",2
"GGAACCGTGTAAATTG-1",1
"GGAACCTTGACTCTGC-1",4
"GGAACGGCCTGCAGCC-1",2
"GGAACTTTGGCGATTA-1",7
"GGAAGCTCGCTTACAG-1",2
"GGAATAACCTCAAGAA-1",7
"GGAATGCGCTAGCGTG-1",6
"GGACACAAGTTTACAC-1",7
"GGACCAACAGGATAAC-1",3
"GGACCTACGGTAACGT-1",7
"GGACCTCTAGGCCGCC-1",4
"GGACGGCTTGCGCAAC-1",7
"GGACTCGACAGCGCAT-1",1
"GGACTCGTGAGTGGTC-1",4
"GGAGAAGTCATTGGCA-1",6
"GGAGACCATCTACATA-1",1
"GGAGACGACACCTTTG-1",3
"GGAGCAACATTTCAAG-1",7
"GGAGCACCAAGAACTA-1",6
"GGAGCGAGGCCTACTT-1",6
"GGAGGATTGAAAGGAG-1",2
"GGAGGCCGAAGTCGTC-1",7
"GGAGGCGAAGAACCGC-1",5
"GGAGGGCTTGGTTGGC-1",6
"GGAGGGTCAAGTAAGA-1",5
"GGAGTGCCGCCCTGGA-1",6
"GGATACTCATGAATTG-1",7
"GGATCAAAGGACGAGG-1",7
"GGATCATCCCGTACGC-1",2
"GGATCCCTACCAGCTA-1",5
"GGATCCGGAATATACT-1",6
"GGATCTTACTGCCCTT-1",4
"GGATCTTGACTCAACC-1",1
"GGATGAAGATCGCTGA-1",2
"GGATGACGCGAGTTTA-1",3
"GGATGCTGGCGTTCCT-1",3
"GGATGTCCTTACCGCA-1",6
"GGATTAAGCTAAGGTC-1",2
"GGATTCAGTACGGTGG-1",2
"GGATTCCGCTATACCC-1",6
"GGATTGCTGTGACTCC-1",2
"GGATTTCACTTCTATA-1",6
"GGCAAAGGCGCCAATA-1",4
"GGCAAATTACTTTACT-1",1
"GGCAAGCCCATAGTGG-1",3
"GGCAAGGCGAAATAGC-1",3
"GGCAATAGTCAATGAG-1",3
"GGCACTCCACTGGGCA-1",3
"GGCAGCAAACCTATGC-1",7
"GGCAGCGGTAATCCTA-1",7
"GGCATACAGGTAGCGG-1",3
"GGCATATCGGTTCTGC-1",2
"GGCATCAACGAGCACG-1",5
"GGCCCTCACCCACTTA-1",3
"GGCCGAGACTCTGGTG-1",4
"GGCCGGCGTCTGCTAT-1",6
"GGCCGTTTGGGTTTCA-1",1
"GGCCTGCTTCTCCCGA-1",7
"GGCGAAATCTAACTTG-1",6
"GGCGAGCATCGAGGAC-1",5
"GGCGAGCGAAACGGCA-1",1
"GGCGCAGGACATCTTC-1",3
"GGCGCATGAATTGATG-1",1
"GGCGCGGAGATCTTTC-1",2
"GGCGCGTTCGAGTTTA-1",1
"GGCGCTCCTCATCAAT-1",7
"GGCGCTTCATTCCCTG-1",6
"GGCGGAGTAATATTAG-1",3
"GGCGGTAGGATCATTG-1",3
"GGCGGTTTGCCGGTGC-1",5
"GGCGTACCCTATATAA-1",5
"GGCGTAGGGAAAGCTG-1",2
"GGCGTCCTATCCGCTG-1",6
"GGCTAAAGGGCGGGTC-1",2
"GGCTACTATACACTCC-1",1
"GGCTATTAAGTTGTAT-1",3
"GGCTCCTCCACCTGTT-1",4
"GGCTCGCGTTGAGGTA-1",6
"GGCTCGTGCCACCAGC-1",2
"GGCTCTGCTCCAACGC-1",6
"GGCTGAAATAGCAAAG-1",6
"GGCTGAGCATCGTAAG-1",7
"GGCTGGCTAGCTTAAA-1",5
"GGCTTTCAATAAGGGT-1",3
"GGGAACCACCTGTTTC-1",5
"GGGAACGGGAGGTTAG-1",3
"GGGAACGGTTTCAGAT-1",4
"GGGAAGACGGTCTGTC-1",6
"GGGAAGGGCTTTCTCA-1",2
"GGGAATGAGCCCTCAC-1",7
"GGGACAGAGTTACTCC-1",4
"GGGACCCGTATATCTT-1",1
"GGGACTGCATAGATAG-1",3
"GGGAGAACTCACAGTA-1",3
"GGGAGGATGCCCGAAA-1",3
"GGGAGTAATGGCTGGC-1",7
"GGGAGTTAATGAGGCG-1",3
"GGGATGGACCCGCGTC-1",4
"GGGATGGTCGTAACCG-1",1
"GGGATTTACCGCACCT-1",6
"GGGCAACCGCACGTGC-1",4
"GGGCAGAGCAATCGTT-1",3
"GGGCAGGATTTCTGTG-1",4
"GGGCCATTCGTGCTGG-1",4
"GGGCCCGTCTTAAACA-1",1
"GGGCCCTACGAAAGGG-1",6
"GGGCCGGCCGAAGTAC-1",6
"GGGCCTAAATGGGCTA-1",3
"GGGCGATATGTGTGAA-1",3
"GGGCGGCAAATGAATT-1",1
"GGGCGGGTTCCCTACG-1",1
"GGGCGGTCCTATTGTC-1",7
"GGGCGTACATTTATAT-1",6
"GGGCGTCACCACGTAA-1",1
"GGGCGTCCACTGGCTC-1",2
"GGGCGTGGTTTCCCAG-1",6
"GGGCGTTTACATTCAT-1",4
"GGGCTATGATCGATGG-1",1
"GGGCTCATCGAACCCA-1",6
"GGGCTGCCTAGGGCGA-1",3
"GGGCTGGTTAGTCGCG-1",3
"GGGTAATGCTGTGTTT-1",5
"GGGTACACTCTGGAGG-1",5
"GGGTACCCACGGTCCT-1",7
"GGGTACTTCATGAACT-1",3
"GGGTATGTATGCACTT-1",2
"GGGTATTCTAGCAAAC-1",4
"GGGTCACCGTGACGGT-1",3
"GGGTCACGTGCTTATG-1",5
"GGGTCAGGAGCTAGAT-1",3
"GGGTCATGCGTACCAT-1",7
"GGGTCGTGGCAAGTGT-1",7
"GGGTCTATCGCTTTCC-1",5
"GGGTGACACCTTAACT-1",1
"GGGTGCATATGAAAGC-1",7
"GGGTGGTCCAGCCTGT-1",7
"GGGTGTTTCAGCTATG-1",6
"GGGTTAACATTTGAGT-1",1
"GGGTTCAGACGAACAA-1",7
"GGGTTTAGGATAGGAT-1",7
"GGTAAATGTGCGTTAC-1",2
"GGTAACCGGGAGGATA-1",4
"GGTAACTATGTATCTG-1",7
"GGTACAAACATGCTAT-1",1
"GGTACATCTGGGACGA-1",6
"GGTACCATTAAGACGG-1",2
"GGTAGAAGACCGCCTG-1",6
"GGTAGACCGTTGGGCG-1",1
"GGTAGTGCTCGCACCA-1",3
"GGTATAGTGACACATA-1",7
"GGTATTGCCGAGTTTA-1",3
"GGTCAAGACTACTTCG-1",7
"GGTCACGTTAGATTCA-1",5
"GGTCAGTGGGTCCCAC-1",3
"GGTCATTGTAGTCATA-1",1
"GGTCGGATAAACGGCG-1",2
"GGTCGGCCAGGAGCTT-1",6
"GGTCGGTAATTAGACA-1",7
"GGTCGGTCGTCCACAG-1",1
"GGTCGTAAGCTCGCAC-1",1
"GGTCTCCGTCCAGGTT-1",7
"GGTCTCTGAATGGACT-1",4
"GGTCTGAGAATCTGGA-1",6
"GGTCTTGAGCGCTCTT-1",6
"GGTGAAACCGGGAATG-1",5
"GGTGAACGGGCTAGCC-1",5
"GGTGAAGTACAGGGAT-1",4
"GGTGAGATGCAGATAA-1",2
"GGTGATAAGGAGCAGT-1",6
"GGTGATTTCATCTTGT-1",5
"GGTGCAGAGCCTATCG-1",7
"GGTGCATAAATGATTA-1",1
"GGTGCGGATAAGTGGC-1",2
"GGTGCTGATCACAAAG-1",2
"GGTGCTGGTACACATT-1",1
"GGTGGACCACGTGTTA-1",5
"GGTGGACTGCTCTGGC-1",6
"GGTGTAAATCGATTGT-1",3
"GGTGTTCTGTTTCTAC-1",7
"GGTTACCACCCTCGGG-1",1
"GGTTAGCTATATGTCT-1",6
"GGTTAGGCTTGGAGAA-1",6
"GGTTAGTTACGGCGCC-1",2
"GGTTCCACCCGCTTCT-1",7
"GGTTCTACTCGTCTGA-1",2
"GGTTGTATCGTGAAAT-1",5
"GGTTGTGTAGCCTGGC-1",2
"GGTTTAATTACCATCG-1",1
"GGTTTACAATCTCAAT-1",6
"GGTTTAGCCTTTCTTG-1",2
"GGTTTCAATCGGTCAG-1",6
"GGTTTGAGTGCTGGAA-1",7
"GGTTTGTGACCTGAGG-1",7
"GTAACATCTAAGATAA-1",7
"GTAACTGCCCAAGGAG-1",1
"GTAACTTGCGGCAGTC-1",7
"GTAAGCGGGCAGTCAG-1",6
"GTAAGGATTTGTCGGA-1",2
"GTAAGTAACAGTCTGG-1",6
"GTAAGTAGGGTATACC-1",6
"GTAATAAAGGGCTCCC-1",2
"GTAATCTGATTCTTCG-1",1
"GTACACTTACCTGAAG-1",3
"GTACAGAGGCAAGGGT-1",6
"GTACGACGGCGCTGCG-1",7
"GTACGAGATTGCGACA-1",6
"GTACGCTTCATTGCAC-1",3
"GTACGTCACGTATTAA-1",5
"GTACGTTTGCCCGTCA-1",3
"GTACTAAGATTTGGAG-1",3
"GTACTCCCTTATCGCT-1",3
"GTACTCCTGGGTATGC-1",2
"GTACTGAGGTCGTAAC-1",7
"GTACTGCATGAAGCGT-1",7
"GTACTGGAGTTAGACC-1",6
"GTACTTGGGCACTTCT-1",2
"GTAGAAACGGGTGGAG-1",2
"GTAGACAACCGATGAA-1",7
"GTAGACACGCCTGACT-1",6
"GTAGACGTCGTTACAT-1",7
"GTAGAGGGAGACAAGT-1",4
"GTAGCCAAACATGGGA-1",3
"GTAGCGCTGTTGTAGT-1",7
"GTAGCGGCTATACACT-1",3
"GTAGCTAGTAAGCGCG-1",7
"GTAGCTCCGGGAGGCT-1",4
"GTAGCTTCCTCTTGTT-1",6
"GTAGGTGATCCGTGTA-1",6
"GTAGTCGCGGGAATCA-1",6
"GTAGTCTACGATATTG-1",6
"GTAGTTCGAAGGCGAA-1",1
"GTATAATCTCCCGGAT-1",5
"GTATAGGACTCAGTAG-1",6
"GTATAGTGGCCCATGT-1",7
"GTATATGTTACGGCGG-1",5
"GTATCAAACGTTAGCT-1",2
"GTATCAGCTTGGGTTC-1",2
"GTATCCTTTGGTAACC-1",2
"GTATCGGGACGAGCTG-1",5
"GTATCTCAGTCTTGAC-1",4
"GTATCTCCCTAACTGT-1",5
"GTATCTTGTTGCTCAC-1",5
"GTATCTTTCATAACCA-1",3
"GTATGAAATTTCACTC-1",1
"GTATGACGTGGGAAAC-1",5
"GTATGTGGGTCTAGTT-1",2
"GTATTAAGGCGTCTAA-1",2
"GTATTCTGAGAAACGA-1",4
"GTATTTAATGGCATAA-1",5
"GTCAAAGAAGTGGTGT-1",4
"GTCAAAGTTTACATAG-1",7
"GTCAACCAGGCCTATA-1",7
"GTCAAGCGGACTCGGG-1",6
"GTCAATTGTACTGAAG-1",5
"GTCACAAAGTTTCCAA-1",7
"GTCACCTGTCTATGTC-1",7
"GTCACTCTCCAAATCT-1",2
"GTCAGAATAGTCTATG-1",6
"GTCAGTTGTGCTCGTT-1",2
"GTCAGTTTGGTAGTCG-1",2
"GTCATCTCCTACAGCT-1",5
"GTCATGCACCTCCGTT-1",3
"GTCATGCGCGAGGGCT-1",7
"GTCATGGACATGACTA-1",6
"GTCATTAGAGCGAACG-1",3
"GTCATTGCATTGACCC-1",6
"GTCCAATATTTAGCCT-1",3
"GTCCATTACTGCTACG-1",2
"GTCCCAACGTAAAGTA-1",3
"GTCCCGCGACGTTATG-1",6
"GTCCGGACCTGAAATT-1",2
"GTCCGGCTGAATTGCG-1",3
"GTCCTACAGGCGGCTC-1",7
"GTCCTACGAATAGTCT-1",2
"GTCCTAGGATACCTTA-1",4
"GTCCTTCTAGTGGGTT-1",2
"GTCCTTTAATGACTTC-1",5
"GTCGAATTTGGGCGCT-1",4
"GTCGCCGTTGTGTGTT-1",4
"GTCGCGTAACCCGTTG-1",3
"GTCGGATATCTCAGAC-1",6
"GTCGGATGTAGCGCGC-1",6
"GTCGGGAAGCAGAAAC-1",3
"GTCGTACCATCTCGGG-1",3
"GTCGTATTGGCGTACA-1",2
"GTCGTCAATTATAAGG-1",7
"GTCGTGTCTGGTCATC-1",7
"GTCGTTATTCGCTTAT-1",3
"GTCTACTCAATTACAA-1",6
"GTCTAGTGAGCCGCTT-1",2
"GTCTATCTGAGTTTCT-1",3
"GTCTATTGGTTCCGGT-1",2
"GTCTCAAGGCCCGGCT-1",3
"GTCTCCTGCCAGTATG-1",4
"GTCTCGACTAAGTTTG-1",7
"GTCTCGATCTGCTTTC-1",6
"GTCTCGCCAACACGCC-1",7
"GTCTGGGCGGTCGAGA-1",1
"GTCTGTAGGTTGAACA-1",1
"GTCTTAGTACAGCCGG-1",2
"GTCTTGAGGAGCAGTG-1",7
"GTCTTGTAGCTATTCA-1",7
"GTGAAACGGCGCCACC-1",6
"GTGAAACGTGCTCCAC-1",7
"GTGAACTCCCATTCGA-1",2
"GTGAAGATTTCAAGTG-1",2
"GTGAAGCCGTATAGTC-1",7
"GTGAAGTCACGACTCG-1",1
"GTGACAGCTTCCCACT-1",6
"GTGACCGCACACTACG-1",6
"GTGACGAGGGTGACCC-1",7
"GTGACGCAGGTTTCAT-1",6
"GTGACTTCAGTAGTGC-1",1
"GTGAGATAACCTTATA-1",1
"GTGAGCGTGCTGCACT-1",6
"GTGAGGACACTTAAGG-1",6
"GTGAGGAGCGGTTGAG-1",2
"GTGAGTGGTACAACGC-1",3
"GTGATCAAGCGTGCAC-1",4
"GTGATCACTAACGCCT-1",2
"GTGATCATAGATCTGC-1",1
"GTGATCCTTGTCATGA-1",2
"GTGATGCACAACATCT-1",7
"GTGATTCGCCGCTCAA-1",1
"GTGCAACAAATGTGGC-1",2
"GTGCACCAGCTTCAAC-1",3
"GTGCACGAAAGTGACT-1",6
"GTGCCATCACACGGTG-1",3
"GTGCCCGTTCGGATTC-1",6
"GTGCCGCTTCAAAGGT-1",1
"GTGCCTAGCTATGCTT-1",5
"GTGCCTCAGTGTACGG-1",2
"GTGCGAAATCGAACAC-1",1
"GTGCGACAGGGAGTGT-1",2
"GTGCGCAGCTTGCTCC-1",5
"GTGCGCTTACAAATGA-1",5
"GTGCGGGACCATCGGC-1",5
"GTGCGGGTCTCCAAAT-1",6
"GTGCGTGTATATGAGC-1",6
"GTGCTCAAGTACTGTC-1",3
"GTGCTTACATCAGCGC-1",7
"GTGGAACCTACATGCG-1",2
"GTGGACCAACCCGATT-1",1
"GTGGACGCATTTGTCC-1",3
"GTGGACGTGCTGAGAC-1",2
"GTGGAGCGTTTACCGA-1",4
"GTGGAGTCGGCGGTTG-1",4
"GTGGCAAACAGCGGCA-1",4
"GTGGCCGGTTTCTCGG-1",4
"GTGGCGGGCCGTAGCT-1",7
"GTGGCGGTCCCAGCGT-1",3
"GTGGCGTGCACCAGAG-1",5
"GTGGGAAGACTGAATC-1",3
"GTGGGCTTAGACACAC-1",6
"GTGGTATAGTCTGCCG-1",4
"GTGGTCAGCGAAGTAT-1",7
"GTGGTGGCCAAGTGAA-1",6
"GTGGTTACTTCTTTCG-1",2
"GTGGTTTCCGCCTTTC-1",3
"GTGTACCTTGGCTACG-1",6
"GTGTATATCAGCGGGC-1",6
"GTGTATGACTTTAAAG-1",5
"GTGTCAGTGTACGTGG-1",1
"GTGTCCGATAAGGCAT-1",7
"GTGTCGTATAGCGTTC-1",2
"GTGTGAATAACTTAGG-1",6
"GTGTGAGCCGAGGTGC-1",5
"GTGTTACTATGCGTCC-1",3
"GTTAAAGTAGGACTGG-1",6
"GTTAACATCACTTAAA-1",6
"GTTAACTATGTTGTCA-1",7
"GTTAAGGGTGCGATGT-1",6
"GTTAAGTTAGAGTGGG-1",7
"GTTAATGTCTATCTTA-1",2
"GTTACAATTGGTGACG-1",3
"GTTACCTACAACTTGC-1",3
"GTTACGAAATCCACGC-1",5
"GTTACTTTGGGCCTAG-1",1
"GTTAGAGTGTGCCGCT-1",2
"GTTAGCCCATGACATC-1",6
"GTTAGCCGTAAATCAA-1",7
"GTTAGGCTACCCGTTT-1",1
"GTTATAATACGGTGAA-1",7
"GTTATATTATCTCCCT-1",1
"GTTATCACCTTCTGAA-1",7
"GTTATTAAATACGACC-1",7
"GTTATTAACGTGGGAG-1",2
"GTTCAATCTATGTCAA-1",7
"GTTCACAGGAGTCTAG-1",6
"GTTCAGTCGCCAAATG-1",1
"GTTCATCGTTTGGCTG-1",2
"GTTCCAAGACAGCGAC-1",5
"GTTCCAGTCTGACCAT-1",2
"GTTCCGTCCGCCTGCA-1",1
"GTTCGCCATAAGTGCC-1",3
"GTTCGCTGAGACGTCT-1",7
"GTTCGGATCGGGAACA-1",7
"GTTCGGGCGTACCATT-1",2
"GTTCGTCTAAAGAACT-1",2
"GTTCGTTGCGGACCAG-1",5
"GTTCTTCCCTCGATGT-1",2
"GTTGAACCGGTTCCAT-1",1
"GTTGAGTCCCGCCGGT-1",6
"GTTGCACGGAGTTTCG-1",6
"GTTGCGGACGGTCAGG-1",5
"GTTGGATTCAGTGGCT-1",2
"GTTGGATTGAGAACAC-1",6
"GTTGGATTTGCGTTGG-1",3
"GTTGGTCATGCTATCC-1",3
"GTTGTCGTGTTAGTTG-1",2
"GTTTACGTTCCATCTG-1",3
"GTTTCAAACGAGTTGT-1",7
"GTTTCATATCGTCGCT-1",3
"GTTTCCTGGAGGGTGA-1",6
"GTTTCTGCAGTCTCCC-1",3
"GTTTGACCAAATCCTA-1",3
"GTTTGAGCGGTTATGT-1",5
"GTTTGGCCCAAGTTAT-1",6
"GTTTGGCCGCTCAGCG-1",7
"GTTTGGGCTTGTGAGC-1",3
"GTTTGGGTTTCGCCCG-1",2
"GTTTGGTAGGGTCAAC-1",3
"GTTTGGTGATCGGTGC-1",1
"TAAACCCAGGAGGGCA-1",4
"TAAAGAGCCCGAAACC-1",7
"TAAAGCGGTATTTCCA-1",1
"TAAAGCGTTAGGAGAA-1",6
"TAAAGCTGCAATAGGG-1",2
"TAAAGGAGAAACTAGT-1",7
"TAAATGAATCCGTTTC-1",2
"TAAATGCCGTCTCATG-1",7
"TAAATTTAGTAACACC-1",1
"TAACAAAGGGAGAAGC-1",2
"TAACAATATTTGTTGC-1",2
"TAACAGCGTTTGTGCT-1",4
"TAACATACAATGTGGG-1",3
"TAACATACACGCGATC-1",4
"TAACCGCCCGCAGTGC-1",7
"TAACCTACCGTCCGAG-1",2
"TAACCTAGGGAGTCCA-1",7
"TAACGCTTTGAGAGCG-1",2
"TAACTATCGAAGGTCC-1",6
"TAACTATTACGCCAAA-1",7
"TAACTCATCCGCGCGG-1",1
"TAACTCCATGGAGGCT-1",2
"TAAGAGGGACAGGGAC-1",4
"TAAGATTTAGCGGGAG-1",5
"TAAGCAGGCGACACGC-1",6
"TAAGCGCGAATCAAAT-1",4
"TAAGGAACTTGTGGGA-1",2
"TAAGGCAACATAAGAT-1",6
"TAAGGCATAACATCAA-1",1
"TAAGGCCCGTCACCCT-1",6
"TAAGGCTGAATCCCTC-1",2
"TAAGGGCCTGTCCGAT-1",2
"TAAGGGCTGGGAGAGG-1",6
"TAAGTAAATGTGCCGC-1",7
"TAAGTAACATCTTGAC-1",4
"TAAGTCGCCGAGTATC-1",4
"TAAGTTGCGACGTAGG-1",2
"TAATAAACAAGGAGAT-1",2
"TAATACACAGTAGTAT-1",6
"TAATAGAACAGAGTTA-1",4
"TAATAGGTCACCAGAA-1",4
"TAATAGTGACGACCAG-1",6
"TAATATTGAAATTCGC-1",2
"TAATCGATCCGTACGT-1",6
"TAATGAAAGACCCTTG-1",2
"TAATTACGTCAGTAGA-1",7
"TAATTAGATGGATATG-1",5
"TAATTAGGACATCCGT-1",7
"TAATTGGAATCGGGAA-1",7
"TACAAATTGCGGAGGT-1",7
"TACAACGCACAACTCA-1",1
"TACAAGCTGTTCACTG-1",5
"TACAAGTCTCGTGCAT-1",6
"TACAGAAACGGTGGGC-1",2
"TACATAGGCATACACC-1",3
"TACATCCCTATCCCTG-1",3
"TACATTTCTAACGTGC-1",1
"TACCAAATAGCCCAGA-1",3
"TACCAATAAAGTACCA-1",6
"TACCAGAAGTAGGTTC-1",1
"TACCAGCTAGGTTTAA-1",2
"TACCAGGAATCCCGTC-1",4
"TACCGCGGACTTGCAG-1",2
"TACCGGCTCACTGCCC-1",3
"TACCGGTCGTTTCCAT-1",1
"TACCGTAGGTTAACTA-1",3
"TACCGTGCCTCGGACC-1",3
"TACCTACTCCCAGTAT-1",3
"TACCTCACGCTTGTAC-1",2
"TACCTCAGTTGTCTGT-1",1
"TACCTCCACACCAATG-1",4
"TACCTGCTGCACTGTG-1",2
"TACCTTAAGATTTCCC-1",4
"TACGAACACGACTTCA-1",3
"TACGACGCTTGCTGCG-1",1
"TACGACTGCCTCTTAG-1",3
"TACGAGAACTTCACGT-1",3
"TACGATGTTGATCATC-1",3
"TACGCAGTTCTTTCCT-1",1
"TACGCCATATTCTAAT-1",3
"TACGCCGAGGGTACCC-1",1
"TACGCCTCCATTCCGA-1",3
"TACGCTATAGAAACCT-1",2
"TACGCTCGGTATTGGA-1",7
"TACGCTGCTGTGTTAA-1",4
"TACGGGATGCTAGCAG-1",6
"TACGTAAAGCGGAGTG-1",7
"TACGTACTAGTGCTGA-1",4
"TACGTGCACTATGCTG-1",2
"TACGTTTACCGGCAAT-1",3
"TACTATGGTTCCTCAG-1",1
"TACTCCTCTAGTTGAC-1",4
"TACTCGGCACGCCGGG-1",6
"TACTCTCCGAACAAAT-1",6
"TACTCTTACTTTACTG-1",7
"TACTCTTTCGTCTTCA-1",1
"TACTGAACAGATTTAG-1",1
"TACTGAGGGAAGAAAG-1",4
"TACTGCAATCAATTAC-1",2
"TACTGGACAGCTCGGC-1",6
"TACTGTTTCTCTGGTA-1",7
"TACTTGTTAGTAGTCC-1",6
"TACTTTACTGAGCCGG-1",2
"TACTTTCCGCACGCCA-1",3
"TAGAAACCACTAAGTA-1",7
"TAGAAAGGTGGCGCTA-1",6
"TAGAAATTCACGTATA-1",6
"TAGAATAGCCGATGAA-1",7
"TAGAATTAAGGGCAAC-1",2
"TAGACGAAACGCCAAT-1",6
"TAGACGCCCGTACCGG-1",6
"TAGACTACCTAGCGTT-1",2
"TAGAGATCATGCAACT-1",1
"TAGAGCTACGAAGAAC-1",2
"TAGAGGTTCTACTTGT-1",2
"TAGAGTCTAAGCGAAC-1",3
"TAGATATGGACTGGAA-1",1
"TAGATCCGAAGTCGCA-1",2
"TAGATGGTTCCTTACT-1",2
"TAGATTCAAAGTGCGG-1",1
"TAGATTCCTGGTTATT-1",6
"TAGCAACCTGTCACAA-1",2
"TAGCAGTATGACTAAA-1",7
"TAGCCAGAGGGTCCGG-1",5
"TAGCCATTTCAAAGTC-1",6
"TAGCCGGCGGTCAGCG-1",6
"TAGCGTCCCTCGATTG-1",7
"TAGCGTCCGGTGTGGT-1",6
"TAGCGTTGGGTCTTAC-1",3
"TAGCTAAGTCCGGGAG-1",3
"TAGCTAGAAGGCATGA-1",1
"TAGCTAGTGATGATGG-1",1
"TAGCTCGCCTGATAAC-1",1
"TAGCTGATGTGAAGCG-1",3
"TAGGAACAGCCTCCAG-1",2
"TAGGCATGTTACGCCA-1",6
"TAGGCGATGAGGTCTC-1",1
"TAGGCGGCTGCAAAGA-1",4
"TAGGCTAAAGTGGCAC-1",7
"TAGGGAGCTTGGGATG-1",2
"TAGGGTGTTTCAAGAG-1",6
"TAGGTCCAAGTAAGGA-1",2
"TAGGTCGCCGGAACTG-1",2
"TAGGTGACGATAACCT-1",6
"TAGGTGAGCCCTACTC-1",6
"TAGGTGCTCGCCTAGC-1",6
"TAGGTGTTCCACAGAT-1",5
"TAGGTTCGAGTTCGTC-1",3
"TAGTACCACAACTTTC-1",4
"TAGTACCTTAGTGGTC-1",2
"TAGTAGCTTATACCAG-1",4
"TAGTCCCGGAGACCAC-1",1
"TAGTCCGCAGAGAATG-1",3
"TAGTCCGTATGCATAA-1",5
"TAGTCGATCACGGGTT-1",2
"TAGTCTAACAACGAGA-1",3
"TAGTCTGCGGCACATT-1",1
"TAGTCTGTGACGTTGC-1",2
"TAGTCTTTCCGAATTG-1",5
"TAGTGCCCTCCAGAGT-1",3
"TAGTGGAACTCATACA-1",7
"TAGTGTCAGAAACGGC-1",2
"TAGTTAAGATAGGATA-1",2
"TAGTTTATTCTTGCTT-1",2
"TATAAATCCACAAGCT-1",2
"TATAAGTGAGGATAGC-1",2
"TATACACAGACGCCTT-1",3
"TATACACGCAAAGTAT-1",2
"TATACCGAGTGCCACA-1",5
"TATACGCGTCATCACT-1",3
"TATACTCATGCGGCAA-1",7
"TATAGAGTCGCTTGAA-1",1
"TATAGATGGTCGCAGT-1",2
"TATAGGGTACTCATGA-1",3
"TATATAGGGCTTTACG-1",4
"TATATATCGAGAAATG-1",4
"TATATCAAAGTGATCT-1",1
"TATATCCCTGGGAGGA-1",2
"TATATTACAAATGTCG-1",7
"TATATTCGCGTCGATA-1",7
"TATCACAGCACGGGCA-1",7
"TATCACCATGTAAAGT-1",7
"TATCACCCAACCGACC-1",2
"TATCACTTCGAGTAAC-1",2
"TATCAGTGGCGTAGTC-1",1
"TATCCAATTGGTTATC-1",6
"TATCCATATCATGCGA-1",2
"TATCCATCTCGGTTAG-1",4
"TATCCGCACCGTCGGG-1",3
"TATCCTATCAACTGGT-1",1
"TATCCTGCATGGGAAT-1",2
"TATCGATCTATGCATA-1",6
"TATCGATGATTAAACG-1",6
"TATCTACAGAGGTAAT-1",6
"TATCTACCACAGCGGG-1",3
"TATCTAGCCTAAAGGA-1",6
"TATCTGAGCCGATATT-1",4
"TATCTTGCAATACAAC-1",4
"TATGAAGACAGGTGCG-1",2
"TATGATAAATCTAACG-1",7
"TATGATCCGGCACGCC-1",7
"TATGATCTTCTCTTTA-1",2
"TATGATTCTGCTTGGT-1",5
"TATGCTCCCTACTTAC-1",6
"TATGGAGTTTCTCGTT-1",5
"TATGGATGTGCTACGC-1",3
"TATGGCCCGGCCTCGC-1",6
"TATGGGACCGAGCAGG-1",3
"TATGGGTACGTATCGT-1",3
"TATGGTCTGAGTAACA-1",3
"TATGGTTAGTGGGAGA-1",2
"TATGTAAAGTGCTTAA-1",1
"TATGTAGAAACCCGGC-1",4
"TATGTCAAGACCGACT-1",2
"TATGTCTCATTGTGCC-1",6
"TATTAACACCAAAGCA-1",1
"TATTAACCTGACCGCG-1",4
"TATTACCATCCTGCTT-1",2
"TATTATGTTTGCCTGC-1",1
"TATTCAATTCTAATCC-1",3
"TATTCCACTCAGCTCG-1",1
"TATTCCGAGCTGTTAT-1",2
"TATTCCGGCAGTCCTA-1",7
"TATTCCTCCGCCCACT-1",4
"TATTCGTGCCAGAATA-1",3
"TATTTAGTCTAGATCG-1",6
"TATTTATACCGAGTAG-1",2
"TATTTGATTTGCACAG-1",5
"TATTTGTTACCCTTTA-1",6
"TCAAACAACCGCGTCG-1",6
"TCAAACTTAGATTGTT-1",3
"TCAAATTTGAGACTCA-1",6
"TCAACAAAGATAATTC-1",4
"TCAACACATTGGGTAA-1",7
"TCAACATAGCGCCCTA-1",1
"TCAACATCGACCGAGA-1",3
"TCAACCATGTTCGGGC-1",6
"TCAACGAGGAGACAAA-1",3
"TCAACGCAGGAAATAA-1",4
"TCAACGCGACCGGCAG-1",3
"TCAACTAACGTATAAC-1",6
"TCAACTGCAGAGTCAG-1",7
"TCAAGAAATACTAGCT-1",2
"TCAAGCGCGGACGGTA-1",5
"TCAAGGTTACTACACC-1",2
"TCAATACGCCGTCATG-1",3
"TCACAAACCGAGGTAC-1",2
"TCACAGATCCTCAAAC-1",5
"TCACAGCAAACTCGAA-1",1
"TCACAGGAGAATAAGA-1",1
"TCACAGGGAATCGCAA-1",6
"TCACAGGTTATTGGGC-1",3
"TCACATCTTATCTGAT-1",2
"TCACCCTCTTAAGATT-1",3
"TCACCGCTCGGCACTC-1",6
"TCACGATGTCCGTGGA-1",4
"TCACGCATTGTAGATC-1",3
"TCACGGCCCAAGAGAG-1",4
"TCACGGTCATCGCACA-1",6
"TCACGTGCCCGATTCA-1",3
"TCACTACGACCAATGC-1",2
"TCACTATCGTGCAATC-1",5
"TCACTCAGCGCATTAG-1",5
"TCACTCGTGCAACGGC-1",2
"TCAGAACCTCCACAGG-1",7
"TCAGACGCTATAGAAG-1",3
"TCAGCAAATGCATCTC-1",3
"TCAGCAGTAGGCCCTG-1",1
"TCAGCCAATCCGTAAA-1",7
"TCAGGGCGCAAACTCG-1",2
"TCAGGGTGCACGAAAC-1",2
"TCAGGGTGTAACGTAA-1",3
"TCAGGTTCTTTGAGAA-1",3
"TCAGTACTGACCCGCG-1",6
"TCAGTAGGGACTATAA-1",1
"TCAGTGTATACGTCAT-1",4
"TCAGTTACGGAATGAT-1",7
"TCATACTTACAGATCC-1",2
"TCATATGAGCTTTGTT-1",3
"TCATCACTCGAGCTCG-1",3
"TCATCCCAGAGGGTGG-1",2
"TCATCGATGGTCCCAA-1",4
"TCATGCAGGTTCTCAT-1",6
"TCATTTAAGTCTCCGA-1",2
"TCATTTAGAAGTGTGA-1",7
"TCCAACTCAGCTATCT-1",2
"TCCAACTTTAAATTCT-1",3
"TCCAAGCCTAGACACA-1",2
"TCCAATAAAGGCTACC-1",1
"TCCACAATGGTTTACG-1",6
"TCCACATCGTATATTG-1",3
"TCCACCTCTAGCCTTT-1",3
"TCCACTTTATCTAGGT-1",6
"TCCAGAGCACCGGTTC-1",3
"TCCAGCGCTATAAGCG-1",5
"TCCAGGCGAGTACGGT-1",3
"TCCAGGGTATATACGA-1",3
"TCCATCAATACTAATC-1",4
"TCCATTAGTTGGATAG-1",5
"TCCATTGTGACCTCGT-1",2
"TCCCAAACAGACAACG-1",7
"TCCCAAAGACGAAGGA-1",3
"TCCCAAAGCCCTAAAT-1",7
"TCCCACGGAGGGAGCT-1",7
"TCCCACTCTCTTCCGG-1",7
"TCCCAGCTTTAGTCTG-1",3
"TCCCAGGCTTAGCTAA-1",3
"TCCCGCGTACTCCTGG-1",6
"TCCCGGGTGTGCTGCT-1",3
"TCCCGGTCAGGAATTT-1",5
"TCCCGTCAGTCCCGCA-1",6
"TCCCGTGTGCAATTTG-1",6
"TCCCTAGATCAATAGG-1",7
"TCCCTGGCGTATTAAC-1",4
"TCCCTGGCTCGCTGGA-1",6
"TCCCTTAGATTACTCG-1",2
"TCCGAACTTGGCTTAC-1",6
"TCCGAAGTAGTCACCA-1",5
"TCCGAATGGTCCTGAG-1",7
"TCCGACCGCTAATCAA-1",1
"TCCGAGAAGGCTAAGC-1",5
"TCCGATAATTGCCATA-1",6
"TCCGATGACTGAGCTC-1",6
"TCCGATGGTGCGACAT-1",6
"TCCGATTACATTGCCG-1",6
"TCCGCCTGTCTACAAG-1",6
"TCCGCGGCAGCATCTG-1",6
"TCCGCGGCCCAATGAA-1",2
"TCCGCTGTCATCCCGG-1",6
"TCCGCTTATCCCATTA-1",3
"TCCGGAGGAAGGGCTG-1",7
"TCCGGCCTAGCGTACA-1",2
"TCCGGCCTGCATCGAT-1",7
"TCCGGGCTTGACGGGA-1",2
"TCCGGTTCGTCCGGTC-1",1
"TCCGTAACCACAATCC-1",7
"TCCGTTAAGCTAATAT-1",2
"TCCGTTTAGCCTTGAA-1",6
"TCCTAAATTGGGAAGC-1",6
"TCCTAACCGTCGGGCA-1",1
"TCCTACATCCACGGCC-1",6
"TCCTAGCAAAGAAGCT-1",1
"TCCTCCTAAGACATTC-1",1
"TCCTCGGGCTGGGCTT-1",3
"TCCTCTACGAGATGGC-1",2
"TCCTCTCCAGTTGTCC-1",6
"TCCTCTGGCCCATTAG-1",2
"TCCTGCCAACTGGAGA-1",2
"TCCTGCGTTGATACTC-1",3
"TCCTGGCGCTGCCTGG-1",7
"TCCTTACGACGGTCCG-1",2
"TCCTTCAGTGGTCGAA-1",2
"TCCTTGTCCTTTAATT-1",3
"TCCTTTAAATCCGCTT-1",2
"TCCTTTCTTACGCTTA-1",3
"TCGAAATTTAGGACCA-1",3
"TCGAAGAACCGAGCAC-1",2
"TCGAATATCCCGCAGG-1",4
"TCGACAACTGAACCCG-1",4
"TCGAGACCAACACCGT-1",3
"TCGAGCCAGGCAGGCC-1",1
"TCGATAGGCTAGTCGC-1",7
"TCGCAAAGATGCATTT-1",3
"TCGCACCAGGAGGCAG-1",6
"TCGCATAAAGGGCGCA-1",5
"TCGCATCCCTAAGTGT-1",7
"TCGCATTCAATGACTT-1",5
"TCGCCCAACTGACTCC-1",5
"TCGCCGAAGTTGCGTC-1",1
"TCGCCGACATATTCGC-1",2
"TCGCCGGTCGATCCGT-1",6
"TCGCCTCGACCTGTTG-1",5
"TCGCGTCCAGAAGGTC-1",6
"TCGCTAAACCGCTATC-1",2
"TCGCTACTGGCTTTGA-1",6
"TCGCTCGATATATTCC-1",3
"TCGCTCGGCACCAGCG-1",7
"TCGCTGGGCGGATTGT-1",6
"TCGCTGTGCGTAAATC-1",2
"TCGCTTTAAACGTTTG-1",6
"TCGGAATGACCATCAA-1",7
"TCGGAATGCGCTCTGA-1",6
"TCGGACGCCCAGCCCA-1",6
"TCGGAGAGTATCGGGA-1",1
"TCGGAGTACATGAGTA-1",3
"TCGGATCTGGATGACC-1",4
"TCGGCGAACCCAAACC-1",2
"TCGGCGTACTGCACAA-1",1
"TCGGCTAACTTCCCTT-1",7
"TCGGCTTGTATCGACG-1",2
"TCGGGAACGTGCCTAG-1",7
"TCGGGAGACAGCGTAC-1",6
"TCGGGATTCAAACATA-1",6
"TCGGGCACTTCTGGAT-1",5
"TCGGGCCGTCGTGGTA-1",6
"TCGGGTGAAACTGCTA-1",7
"TCGGTCCCGACAATAG-1",4
"TCGGTCCCTGACTCCA-1",2
"TCGGTGACCGCTCCGG-1",7
"TCGGTTAGCCATGTAG-1",7
"TCGTAAGACGACATTG-1",6
"TCGTAAGCTCCGAGGA-1",7
"TCGTATAGTGCAATTA-1",2
"TCGTATTACCCATTGC-1",3
"TCGTATTTCGTCCGGA-1",7
"TCGTCAAGTACGCGCA-1",1
"TCGTCACACTGTTAGC-1",2
"TCGTCCGCTGGCGTCT-1",2
"TCGTCTTAGGCGTTAA-1",6
"TCGTGTTCGACCACAA-1",7
"TCGTTAGGAGTCCCTA-1",1
"TCGTTCGTTATTATGT-1",2
"TCGTTGCTATCCGGTC-1",1
"TCGTTGGCTCGTCAAT-1",5
"TCTAAAGAACAGTCTC-1",1
"TCTAACTGTATGTAAA-1",2
"TCTAATACTGCCTCAG-1",4
"TCTACACGTTCATGCA-1",7
"TCTACCCAATAGAGAG-1",7
"TCTACCGTCCACAAGC-1",6
"TCTAGCAATCTCCGCC-1",1
"TCTAGCATCTTCGATG-1",6
"TCTAGCATGCCCAGAA-1",3
"TCTAGGTGGCGACGCT-1",2
"TCTAGTGATATCGTGG-1",2
"TCTAGTTATCAGAAGA-1",3
"TCTATCATGCAGTTAC-1",2
"TCTATCGGTCGCAACA-1",6
"TCTATGCTATAACGAC-1",2
"TCTATTACGCTGGCGA-1",7
"TCTATTACTAGAGGAT-1",3
"TCTCATGAGATAGGGT-1",6
"TCTCCAACGTAGGTTA-1",6
"TCTCCACAAGTTGAAT-1",2
"TCTCCCTGGGCAGCGT-1",6
"TCTCGAACGAGGTCAC-1",2
"TCTCGACGTATCGCCG-1",7
"TCTCGAGGAGGTTCGC-1",7
"TCTCGGCTCCAGGACT-1",5
"TCTCTAATAGCTGGTA-1",6
"TCTCTCGCCGCACATA-1",5
"TCTCTTACCGCGAACC-1",1
"TCTGAACCGGTCGGCT-1",6
"TCTGAACTCGTACCCG-1",2
"TCTGAAGCACGTGGTC-1",6
"TCTGAATTCCGTACAA-1",2
"TCTGACTGTAATGGTT-1",5
"TCTGAGCAATTGACTG-1",7
"TCTGATGTATTCTGTC-1",6
"TCTGCATACCTTGCTT-1",2
"TCTGCCAGAAACTGCA-1",6
"TCTGCGTCCGGTTTCT-1",7
"TCTGGGAACCTTTGAA-1",2
"TCTGGGTAGCGCTCAT-1",3
"TCTGTCATACAAGAGC-1",7
"TCTGTGACTGACCGTT-1",5
"TCTGTGCCATCATAGT-1",6
"TCTGTGGCTACATTTC-1",5
"TCTGTTACCCAGCATA-1",4
"TCTTACAGAGGTACCG-1",2
"TCTTACCGGAACTCGT-1",2
"TCTTACGGCATCCGAC-1",2
"TCTTACTTATGCCTCT-1",2
"TCTTAGAGCTCCAATT-1",2
"TCTTAGAGTGAACTCT-1",2
"TCTTATGGGTAGTACC-1",5
"TCTTCCCATGGGCACA-1",2
"TCTTCGAATAGACGTT-1",3
"TCTTCGATACCAATAA-1",3
"TCTTCTATAACCCGCC-1",7
"TCTTGATGCGTAGCGA-1",3
"TCTTGCTCCCGATACT-1",6
"TCTTGGTAACACCAAA-1",6
"TCTTTAAGACTATGAA-1",2
"TCTTTAGAGTCTAACA-1",7
"TCTTTCTCTTAAGGAG-1",2
"TGAAACCTCAACTCAC-1",5
"TGAAACTTATGCAAGC-1",2
"TGAAAGGACCTGACTC-1",6
"TGAACAAGCAGGGACT-1",1
"TGAATACCGACGCGTA-1",2
"TGAATGAGTGTTTCCC-1",1
"TGAATGTCAGCCGGCC-1",7
"TGACACTTCTCTTTGC-1",7
"TGACAGGACAAGTCCA-1",1
"TGACATCGAGCGGACC-1",2
"TGACATGTAACGTGAC-1",1
"TGACCAAATCTTAAAC-1",3
"TGACCAGCTTCAAAGT-1",7
"TGACCCAACTCACATT-1",5
"TGACCCACGTTAGACA-1",3
"TGACGAATATTTCCCT-1",3
"TGACGATGCACTAGAA-1",2
"TGACTATAATCCTTTC-1",3
"TGACTCCGAATCATAC-1",4
"TGAGAATGCTTTACCG-1",6
"TGAGAGATTTACCACG-1",6
"TGAGATCAAATACTCA-1",7
"TGAGATTAGGCCCTAA-1",2
"TGAGCAGTCGTGAAGT-1",5
"TGAGCCATACAGTCTC-1",3
"TGAGCGGAAAGTGTTC-1",3
"TGAGCTTTAATGACGC-1",2
"TGAGGAGTGCCAGCTT-1",3
"TGAGGCATGTACTGTG-1",4
"TGAGGTTGATCCCAAG-1",5
"TGAGTAAATTAGCGTA-1",1
"TGAGTGCCTCTTAAAT-1",4
"TGAGTGGTCCGTGACG-1",6
"TGAGTTAAAGACATTC-1",7
"TGATACATTTAGCCGT-1",4
"TGATAGCGGGATTCTA-1",2
"TGATCAGGGAACTGCT-1",3
"TGATCCCAGCATTAGT-1",7
"TGATCGGTTTGACCCT-1",3
"TGATCTACGCTGATCT-1",2
"TGATCTCCGGCGCCAG-1",3
"TGATGGCTGTTTCTGA-1",7
"TGATGGGACTAAGTCA-1",5
"TGATGTCAATTAAGTG-1",7
"TGATTATGGCACGCAG-1",5
"TGATTCAGGTCCCGCG-1",3
"TGATTCCCGGTTACCT-1",1
"TGATTCGTCTATCACT-1",3
"TGATTCTGTCGCCGGT-1",1
"TGATTTATTAGCTGTG-1",3
"TGATTTCCTCCTGACG-1",2
"TGCAACCCATCTGCGG-1",2
"TGCAAGAATGACGTAA-1",3
"TGCAATCTAACACGGT-1",2
"TGCAATTTGGGCACGG-1",7
"TGCACAGTGAAGTTAT-1",7
"TGCACGAGTCGGCAGC-1",7
"TGCACTATGTGAGTGC-1",7
"TGCAGAACTATATCGT-1",3
"TGCAGAGTACCGAGCA-1",1
"TGCAGATCGTCCTAGG-1",3
"TGCAGCTACGTACTTC-1",3
"TGCAGGATCGGCAAAG-1",6
"TGCAGTGGTAGGGAAC-1",4
"TGCAGTTTCCTCCCAT-1",6
"TGCATATGTCTGTCAC-1",6
"TGCATGGATCGGATCT-1",6
"TGCATGTGACCCATAG-1",1
"TGCATGTGGTAATCTA-1",6
"TGCCAAAGTCAGACTT-1",3
"TGCCAATGGGTACTCT-1",1
"TGCCACCTGGCGAAAC-1",6
"TGCCAGTACGTGGAGA-1",3
"TGCCATGGCTTATAAG-1",7
"TGCCATTACTAAAGAA-1",6
"TGCCCGTACCGTTAAA-1",3
"TGCCGGATGTACGAGC-1",1
"TGCCGTGGATCGTCCT-1",3
"TGCCTAATTGAAGATT-1",7
"TGCCTGACATCGGTCA-1",7
"TGCCTGATCAAACGAT-1",6
"TGCCTTGGCCAGGCAA-1",6
"TGCGAATATGGGATTT-1",3
"TGCGACACCCTAGTGC-1",4
"TGCGACGGCCGAACGT-1",4
"TGCGAGAATATTACCC-1",4
"TGCGAGCCCTTCCGCG-1",7
"TGCGCAAAGCATTTGG-1",3
"TGCGCGATTAACGGAG-1",6
"TGCGGACTTGACTCCG-1",6
"TGCGGAGTAAAGGTGC-1",6
"TGCGGCATAGTTCAAC-1",2
"TGCGGGTATTGGGATC-1",7
"TGCGGTCTACGAGTAA-1",7
"TGCGGTGAAATTTCAT-1",2
"TGCGTAAGAACCTGAT-1",1
"TGCGTCATGACTGAGC-1",4
"TGCGTGATTGGGTGTC-1",5
"TGCGTTTGTTGACACT-1",3
"TGCTAAGTGTCTATTT-1",2
"TGCTATACAAACGGAC-1",7
"TGCTCCACAGTTCTTA-1",2
"TGCTCGGCGAAACCCA-1",3
"TGCTCGGTGGGTCACC-1",6
"TGCTCTTGAGAGTTTG-1",6
"TGCTGGTTGGACAATT-1",2
"TGCTGTTGAAGAACTC-1",3
"TGCTTAGAGAGAATGC-1",4
"TGCTTCCCAAGCAGTA-1",3
"TGGAAACGGAGTGAAC-1",5
"TGGAACCACTGACACA-1",2
"TGGAAGAAGGGAACGT-1",3
"TGGAAGACGAACACCA-1",2
"TGGAAGGATAAAGATG-1",6
"TGGAATATCCTTGACC-1",7
"TGGAATTAGACGCTTT-1",5
"TGGACCAATCTAAGAT-1",6
"TGGACGCAATCCAGCC-1",4
"TGGACTGTTCGCTCAA-1",3
"TGGAGAATAATCGTCC-1",1
"TGGAGCTAAAGTTCCC-1",7
"TGGAGTGATGCGATGA-1",6
"TGGCAAACTAAATTAC-1",6
"TGGCAACTCGCGCGCC-1",6
"TGGCAAGCACAAGTCG-1",3
"TGGCAATGGGACGGCG-1",7
"TGGCACGAGCTCGAGT-1",7
"TGGCAGATTACGATCA-1",3
"TGGCAGCAGTAATAGT-1",3
"TGGCATGAAGTTTGGG-1",4
"TGGCCAAACTGAAGTA-1",6
"TGGCCAATTTGGTACT-1",1
"TGGCCGTATATTGACC-1",6
"TGGCGACTGCTCCAAA-1",4
"TGGCGATCAAGTTATG-1",1
"TGGCGGTGTGCGATTG-1",5
"TGGCTACACTCTACCT-1",7
"TGGCTATGTGACATAC-1",6
"TGGCTCTTGTCGCGTA-1",3
"TGGCTTTGGGTAGACA-1",6
"TGGGAAATGCCTTTCC-1",2
"TGGGATGCACTCATTC-1",7
"TGGGCAATAGTTGGGT-1",7
"TGGGCACAAACAGAAC-1",7
"TGGGCACGTTCTATGG-1",6
"TGGGCAGGCCACCGCA-1",5
"TGGGCCACAAGAGCGC-1",6
"TGGGCCCATACTAATT-1",2
"TGGGCCTTGCCTGCAT-1",5
"TGGGCGATACAATAAG-1",1
"TGGGTAAGGTTCCCGC-1",2
"TGGTAAGCAGGATTGA-1",3
"TGGTAGAATATATGGG-1",2
"TGGTATCGCATCCCAA-1",2
"TGGTATCGGTCTGTAT-1",7
"TGGTCCCACGCTACGG-1",6
"TGGTCTGTTGGGCGTA-1",3
"TGGTGATCGTATTTGT-1",2
"TGGTTAACTTACATTT-1",4
"TGGTTCAACGGGTAAT-1",3
"TGGTTCGTAGCAAAGG-1",6
"TGGTTGGAGGATCCTG-1",2
"TGGTTTAAACGTGGGT-1",7
"TGTAACTTGTCAACCT-1",5
"TGTAATGACCACAATA-1",6
"TGTACCCGACCCTAAT-1",4
"TGTACCTACACGAGGG-1",2
"TGTACGAACAAATCCG-1",3
"TGTACGCTATCAGCTT-1",7
"TGTACTGTGCCAAAGT-1",5
"TGTAGCCATCCCATTC-1",5
"TGTAGGAGAAATTTCC-1",6
"TGTAGTGATCTATAAT-1",3
"TGTATAACAGATCCTG-1",6
"TGTATCCTTATTCCAT-1",7
"TGTATGGCGCAGACAG-1",2
"TGTATTTACCTAATGC-1",7
"TGTCATTTGTTGGGAA-1",7
"TGTCCACGGCTCAACT-1",7
"TGTCCCGACATAGCAC-1",2
"TGTCCGTGGCGCCTTT-1",2
"TGTCCTAAGTCACCGC-1",6
"TGTCGGCATGGTGGAA-1",5
"TGTCGTTATCACATAT-1",4
"TGTCTACAGTTTCTGT-1",7
"TGTGACTACGCCAGTC-1",6
"TGTGAGACTAGCCCAA-1",3
"TGTGATTCCAGCGCTT-1",7
"TGTGCCGGTGCCGGAA-1",2
"TGTGCTTTACGTAAGA-1",6
"TGTGGAGGAAGCTTAA-1",5
"TGTGGCAAAGCGTATG-1",6
"TGTGGCGGGCTTCTGG-1",3
"TGTGGCTCCCACCAAC-1",7
"TGTGGTTGCTAAAGCT-1",1
"TGTGTCGCGAGTTGCA-1",6
"TGTGTTCGTATCCAAG-1",6
"TGTTATTGTATGTGGC-1",6
"TGTTCCGCTTCCATGA-1",3
"TGTTCCGGCCTGAGCT-1",3
"TGTTCGTATTGCGGTG-1",3
"TGTTCTTCCATTGACT-1",3
"TGTTGTCAAGAAGTCT-1",6
"TGTTTAATACTTCATC-1",2
"TGTTTCGGTACTTCTC-1",6
"TGTTTCTGAAGCGTGC-1",4
"TGTTTGAGATCGTCAG-1",7
"TTAAACAGAGTCCCGC-1",5
"TTAAACCGGTAGCGAC-1",7
"TTAAACCTGGTTCCTT-1",2
"TTAAACTCGAATTCAT-1",2
"TTAACACCTCGAACAT-1",2
"TTAACCAACCCTCCCT-1",6
"TTAACGTCGCAAGACC-1",5
"TTAACTCACGCGTGGA-1",2
"TTAACTTCAGGTAGGA-1",1
"TTAAGACGAACGAACC-1",7
"TTAAGATAGGATTGAC-1",2
"TTAAGCCGACAACTTC-1",2
"TTAAGCGCCTGACCCA-1",3
"TTAAGGATACGGAGGT-1",5
"TTAAGGCCCGTACTTT-1",4
"TTAAGTATTGTTATCC-1",2
"TTAATCAGTACGTCAG-1",6
"TTAATGCGAGGTAACT-1",7
"TTAATGTAGACCAGGT-1",3
"TTAATTGCTTTGGGTG-1",6
"TTAATTTCAGACGCGG-1",6
"TTACAACTACGCATCC-1",6
"TTACACGATCTGCGAC-1",7
"TTACAGACCTAAATGA-1",2
"TTACATCGTGGCCTGG-1",2
"TTACATGCCACAACTA-1",2
"TTACCATTGATTACCC-1",6
"TTACCCATTGCCGGGT-1",2
"TTACCCTAACAGTCCT-1",2
"TTACCCTAGGGATTGG-1",3
"TTACCGCCTTAGGGAA-1",5
"TTACGGATGGTTCGAG-1",2
"TTACGGTGTCACCGAG-1",5
"TTACGTAGCGCGTGCT-1",5
"TTACTAAAGGACTTTA-1",6
"TTACTATCGGCTTCTC-1",6
"TTACTCCGGCCGGGAA-1",6
"TTACTCTGGTACGTAC-1",1
"TTACTGGGATATTTCA-1",1
"TTACTGTTTCTCTACG-1",7
"TTAGAAGAACATGACT-1",3
"TTAGAATAAGGGTCGG-1",4
"TTAGACACGATCGTTG-1",2
"TTAGACGAGTCACCTC-1",6
"TTAGAGTTTAGAAGGA-1",6
"TTAGATAGGTCGATAC-1",5
"TTAGCAACATGGATGT-1",2
"TTAGCTAATACGATCT-1",2
"TTAGCTCTGTAATCCG-1",2
"TTAGCTGATTTGCCGT-1",6
"TTAGGTCATAACCGAC-1",1
"TTAGTAAACCTGCTCT-1",2
"TTAGTAGGGCGGCGGG-1",6
"TTAGTTATTCGTGGCA-1",2
"TTAGTTCAAGTGTTCG-1",7
"TTATAGATGCACATTA-1",7
"TTATAGGTAATTGTCT-1",6
"TTATATACGCTGTCAC-1",3
"TTATATTTGGCAATCC-1",6
"TTATCCAATCGAACTC-1",7
"TTATCCGGGATCTATA-1",2
"TTATCCTCAAGGAATA-1",4
"TTATCGCCTGCGAAGC-1",2
"TTATCTGACATTAGGA-1",3
"TTATCTGTATCATAAC-1",6
"TTATGAATGAAAGGGA-1",3
"TTATGACAAACTGGAT-1",6
"TTATGATCTTAACGAA-1",6
"TTATGCGTCCCGGTCC-1",5
"TTATGTTTGCGATAGA-1",2
"TTATTAGAGCGTGTTC-1",3
"TTATTAGGGAAGCATC-1",2
"TTATTTCATCCCAAAC-1",5
"TTCAAAGTCTCTAGCC-1",3
"TTCAACGACCCGACCG-1",6
"TTCAAGCCGAGCTGAG-1",2
"TTCAATACTCTGAATC-1",6
"TTCAATTAGCCATAAT-1",2
"TTCACGAAAGGATCAC-1",3
"TTCACTCGAGCACCTA-1",3
"TTCACTTCCTAGAACG-1",3
"TTCAGAGTAACCTGAC-1",5
"TTCAGCCCTGGTCCAC-1",6
"TTCAGCTGGCGTGCCC-1",2
"TTCAGGCGTCAAAGCC-1",5
"TTCAGTTCAAGAGGAG-1",1
"TTCATAGCCTTGTAAC-1",5
"TTCATGGCGCAACAGG-1",6
"TTCCAATCAGAGCTAG-1",2
"TTCCAATCTGGCTATC-1",4
"TTCCACACAGATTTGA-1",4
"TTCCACATTTCTCGTC-1",7
"TTCCAGACGAGATTTA-1",7
"TTCCATCATGCGGTGA-1",2
"TTCCATCGACAGCGTG-1",7
"TTCCCGACGCTTCACT-1",7
"TTCCCGGCGCCAATAG-1",3
"TTCCGCAGAGAAATAT-1",2
"TTCCGCGTGAGGCGAT-1",3
"TTCCGGCCTTGAGGCT-1",4
"TTCCGGCTCGACTTCT-1",5
"TTCCGGTATCTGTGTC-1",7
"TTCCGGTTACCCACTT-1",6
"TTCCTCGAGGGTGTCT-1",6
"TTCCTCGGACTAACCA-1",2
"TTCCTCTGCCCGAATA-1",6
"TTCCTTTCTGTGTTGC-1",5
"TTCGACAGAGCCCGTG-1",3
"TTCGACGGGAAGGGCG-1",6
"TTCGCACTCGCGTGCT-1",6
"TTCGCACTGTACGACA-1",5
"TTCGCATCCGGAAGCA-1",5
"TTCGCCGCTCGCGCTA-1",4
"TTCGCGCGCCATACGA-1",1
"TTCGCTAGGAAGTTGT-1",7
"TTCGCTATCTGACGTG-1",2
"TTCGGACTGATGCCTT-1",7
"TTCGGACTGGGCATGG-1",4
"TTCGGCAACCCGCTGA-1",2
"TTCGGCTAGAGATGGT-1",2
"TTCGGGACTAATCGCG-1",3
"TTCGGGCGCTAGTCTT-1",4
"TTCGGTACTGTAGAGG-1",3
"TTCGTAATCCCAGCGG-1",2
"TTCGTACTCCAGAACG-1",6
"TTCGTTCAACGAAGTT-1",2
"TTCTAACCGAAGCTTA-1",6
"TTCTACCTCAATCGGT-1",4
"TTCTACCTTTATGTTG-1",7
"TTCTACTTGCGAGGGC-1",2
"TTCTAGAAAGTCTTAT-1",1
"TTCTAGGCCAATTGTG-1",6
"TTCTATTAAACGCAGC-1",3
"TTCTCTTACAGGTGAT-1",4
"TTCTGACCGGGCTCAA-1",6
"TTCTGCCGCGCCTAGA-1",3
"TTCTGCGAGCGCCCTT-1",6
"TTCTGCGGGTTAGCGG-1",6
"TTCTGCTAGACTCCAA-1",2
"TTCTTAGTGAACGGTG-1",2
"TTCTTAGTGGCTCAGA-1",6
"TTCTTATCCGCTGGGT-1",2
"TTCTTCCCTTTGATAT-1",7
"TTCTTCGCAATAGAGC-1",7
"TTCTTGAGCCGCGCTA-1",1
"TTCTTGCTAGCATCTC-1",7
"TTCTTGGACGATCTGC-1",4
"TTCTTGGAGTAATGAG-1",6
"TTCTTGTAACCTAATG-1",2
"TTCTTTGGTCGCGACG-1",2
"TTGAAAGGTGTAAAGG-1",7
"TTGAACGAATCCTTTG-1",2
"TTGAACGACGTGCTGA-1",2
"TTGAAGAATTCCCAGG-1",3
"TTGAAGGATGGGCGCC-1",4
"TTGAATATGGACTTTC-1",3
"TTGAATCGTTGTATAA-1",3
"TTGAATTCACGTGAGG-1",2
"TTGACAGGAGCTCCCG-1",2
"TTGACATGAACGTGGA-1",1
"TTGACCAGGAACAACT-1",6
"TTGACCATGTTCTCCG-1",6
"TTGACCGTGTTAATGA-1",4
"TTGACGATTCAGCACG-1",7
"TTGACGCTCCATGAGC-1",2
"TTGACTACCATATGGT-1",1
"TTGACTATTGTCCGGC-1",2
"TTGAGAAGTTTAGCAT-1",2
"TTGAGAGTACTGCTAA-1",4
"TTGAGCAGCCCACGGT-1",7
"TTGAGCGCCACGTGAT-1",7
"TTGAGGCATTTAACTC-1",2
"TTGATCTAACTTTGTC-1",3
"TTGATGTGTAGTCCCG-1",6
"TTGATTAGCTGTTTCT-1",1
"TTGATTATGCAGATGA-1",6
"TTGCAAGAAGACTCCT-1",3
"TTGCACAATTCAGAAA-1",3
"TTGCACGGAGCAGCAC-1",6
"TTGCATGCTGATCACG-1",3
"TTGCCAAGCAGAACCC-1",7
"TTGCCATAGCCCGCTC-1",4
"TTGCCCTGATCACGGG-1",3
"TTGCCGCAGACCTACA-1",4
"TTGCCGCTTTCTAGTA-1",6
"TTGCCGGTGATCCCTC-1",7
"TTGCCTAATCCAAAGT-1",4
"TTGCGGCATCAGAAAG-1",4
"TTGCGGCGACTCATGC-1",7
"TTGCGTAGTTTGAGGA-1",6
"TTGCGTCGGCCAACCG-1",1
"TTGCGTGAACGCTTAG-1",2
"TTGCTAGCTACCAATC-1",5
"TTGCTCCCATACCGGA-1",6
"TTGCTGAAGGAACCAC-1",6
"TTGCTGATCATGTTCG-1",3
"TTGCTGCACCTATCCA-1",2
"TTGCTGGCCGGGCTTC-1",2
"TTGGAAGAATACAGTC-1",4
"TTGGACATGTGGCTTA-1",3
"TTGGACCATCTGGCAA-1",7
"TTGGACCTATAACAGT-1",2
"TTGGAGTCTCCCTTCT-1",5
"TTGGATATCGTCTACG-1",1
"TTGGATCGACTTCTGG-1",2
"TTGGATTGGGTACCAC-1",6
"TTGGCCATCTTGCGCT-1",7
"TTGGCCTAGAATTTCG-1",2
"TTGGCTCGCATGAGAC-1",2
"TTGGGAAGACGAGCCG-1",1
"TTGGGACACTGCCCGC-1",6
"TTGGGACGTAAGAGTT-1",7
"TTGGGCGGCGGTTGCC-1",6
"TTGGTCACACTCGTAA-1",1
"TTGGTTGCGGTGCGCG-1",4
"TTGTAAGGACCTAAGT-1",1
"TTGTAAGGCCAGTTGG-1",6
"TTGTAATCCGTACTCG-1",3
"TTGTATCACACAGAAT-1",2
"TTGTCGTTCAGTTACC-1",6
"TTGTGAACCTAATCCG-1",2
"TTGTGAGGCATGACGC-1",3
"TTGTGCAGCCACGTCA-1",6
"TTGTGGCCCTGACAGT-1",6
"TTGTGGTAGGAGGGAT-1",4
"TTGTGGTGGTACTAAG-1",2
"TTGTGTATGCCACCAA-1",3
"TTGTGTTTCCCGAAAG-1",3
"TTGTTAGCAAATTCGA-1",6
"TTGTTCAGTGTGCTAC-1",6
"TTGTTGTGTGTCAAGA-1",6
"TTGTTTCACATCCAGG-1",4
"TTGTTTCATTAGTCTA-1",4
"TTGTTTCCATACAACT-1",1
"TTGTTTGTATTACACG-1",1
"TTGTTTGTGTAAATTC-1",7
